2017-11-23,ai_optimizedHW,0.03746816908581614
2017-11-22,ai_optimizedHW,0.20169795356158995
2017-11-16,ai_optimizedHW,0.1669282106782107
2017-11-15,ai_optimizedHW,0.11325309156519349
2017-11-14,ai_optimizedHW,0.09209956709956711
2017-11-10,ai_optimizedHW,0.12338509316770184
2017-11-10,ai_optimizedHW,0.0797825456330611
2017-11-02,ai_optimizedHW,0.0509678163366688
2017-11-01,ai_optimizedHW,0.12587719298245612
2017-10-30,ai_optimizedHW,0.15728910728910728
2017-10-24,ai_optimizedHW,0.04560325010906406
2017-10-24,ai_optimizedHW,0.08949810606060608
2017-10-19,ai_optimizedHW,0.1657357648736959
2017-10-18,ai_optimizedHW,0.15814651791161857
2017-10-18,ai_optimizedHW,0.07172619047619047
2017-10-17,ai_optimizedHW,0.08397495361781074
2017-10-17,ai_optimizedHW,0.08503787878787877
2017-10-16,ai_optimizedHW,0.038357589380316644
2017-10-11,ai_optimizedHW,0.09997993579454253
2017-10-11,ai_optimizedHW,0.050426136363636354
2017-10-11,ai_optimizedHW,0.030815508021390364
2017-10-09,ai_optimizedHW,0.12613636363636366
2017-10-09,ai_optimizedHW,0.18159722222222224
2017-10-06,ai_optimizedHW,0.19143037518037517
2017-10-05,ai_optimizedHW,0.08162337662337664
2017-10-04,ai_optimizedHW,0.2044717624057002
2017-10-04,ai_optimizedHW,0.12828206515706514
2017-10-04,ai_optimizedHW,0.178030303030303
2017-10-04,ai_optimizedHW,0.05812289562289563
2017-10-01,ai_optimizedHW,0.060859973359973354
2017-09-26,ai_optimizedHW,0.08413078149920256
2017-09-21,ai_optimizedHW,0.13224599635596468
2017-09-20,ai_optimizedHW,0.1825895509719039
2017-09-20,ai_optimizedHW,0.16761423761423763
2017-09-18,ai_optimizedHW,0.1464002267573696
2017-09-18,ai_optimizedHW,0.09205851619644724
2017-09-13,ai_optimizedHW,0.02012213976499691
2017-09-10,ai_optimizedHW,-0.023050379572118716
2017-09-07,ai_optimizedHW,0.07862718089990817
2017-09-04,ai_optimizedHW,-0.02205086580086581
2017-08-31,ai_optimizedHW,0.1460674931129477
2017-08-31,ai_optimizedHW,0.13267123617123613
2017-08-21,ai_optimizedHW,0.1167965367965368
2017-08-16,ai_optimizedHW,0.12159932659932661
2017-08-14,ai_optimizedHW,0.11239047619047614
2017-08-14,ai_optimizedHW,0.11067870826491513
2017-08-11,ai_optimizedHW,0.023027351436442352
2017-08-09,ai_optimizedHW,0.09685364835967247
2017-08-08,ai_optimizedHW,0.16643053067622035
2017-08-08,ai_optimizedHW,0.029400252525252538
2017-08-04,ai_optimizedHW,0.12672882672882674
2017-08-03,ai_optimizedHW,0.07478784337680043
2017-08-01,ai_optimizedHW,0.21856261022927692
2017-07-28,ai_optimizedHW,-0.03682200152788386
2017-07-27,ai_optimizedHW,0.10082427262659821
2017-07-26,ai_optimizedHW,0.21573651573651573
2017-07-25,ai_optimizedHW,0.09327973613687898
2017-07-25,ai_optimizedHW,0.07470645394032491
2017-07-24,ai_optimizedHW,0.12947824105718841
2017-07-20,ai_optimizedHW,0.16626917321361767
2017-07-20,ai_optimizedHW,0.11604610667110668
2017-07-19,ai_optimizedHW,0.10963918026418024
2017-07-19,ai_optimizedHW,0.12243083003952569
2017-07-17,ai_optimizedHW,-0.02812976705833849
2017-07-14,ai_optimizedHW,0.16512215854321116
2017-07-13,ai_optimizedHW,0.09166250416250415
2017-07-12,ai_optimizedHW,0.03600125403696832
2017-07-12,ai_optimizedHW,0.07355699855699856
2017-07-10,ai_optimizedHW,0.02341200466200466
2017-07-10,ai_optimizedHW,0.01954785954785954
2017-07-07,ai_optimizedHW,0.11806344696969698
2017-07-07,ai_optimizedHW,-0.0007740447957839174
2017-07-06,ai_optimizedHW,0.13811685659112133
2017-07-05,ai_optimizedHW,0.1159518113465482
2017-06-29,ai_optimizedHW,-0.024074074074074067
2017-06-26,ai_optimizedHW,0.09261684643040574
2017-06-21,ai_optimizedHW,0.0834710743801653
2017-06-15,ai_optimizedHW,0.10257566507566508
2017-06-15,ai_optimizedHW,0.09911674347158218
2017-06-14,ai_optimizedHW,0.2069073083778966
2017-06-14,ai_optimizedHW,0.06688093051729416
2017-06-08,ai_optimizedHW,0.03145454545454546
2017-06-07,ai_optimizedHW,0.1252490564990565
2017-06-05,ai_optimizedHW,0.17103535353535354
2017-06-01,ai_optimizedHW,0.1528474580974582
2017-05-30,ai_optimizedHW,0.16920336431757746
2017-05-27,ai_optimizedHW,0.12244172494172494
2017-05-26,ai_optimizedHW,0.10986742424242427
2017-05-26,ai_optimizedHW,0.10257880140692638
2017-05-23,ai_optimizedHW,0.09037280701754387
2017-05-22,ai_optimizedHW,0.14697121339820454
2017-05-19,ai_optimizedHW,0.19603174603174603
2017-05-19,ai_optimizedHW,0.0031207520337955077
2017-05-18,ai_optimizedHW,0.18596139971139974
2017-05-18,ai_optimizedHW,0.2571072446072446
2017-05-17,ai_optimizedHW,0.15377422877422875
2017-05-17,ai_optimizedHW,0.08392886551853943
2017-05-17,ai_optimizedHW,0.18006049506049507
2017-05-16,ai_optimizedHW,0.19624505928853755
2017-05-15,ai_optimizedHW,0.04455003978368464
2017-05-15,ai_optimizedHW,0.20440087256493503
2017-05-10,ai_optimizedHW,0.017776679841897233
2017-05-10,ai_optimizedHW,0.09593726379440667
2017-05-09,ai_optimizedHW,0.20861381673881674
2017-05-08,ai_optimizedHW,0.1129715522572665
2017-05-04,ai_optimizedHW,0.1822860962566845
2017-05-03,ai_optimizedHW,0.17939333814333816
2017-05-02,ai_optimizedHW,0.16944514834758737
2017-04-27,ai_optimizedHW,0.13671328671328675
2017-04-21,ai_optimizedHW,0.09010648985332526
2017-04-20,ai_optimizedHW,0.17478787878787877
2017-04-13,ai_optimizedHW,0.06738699612076235
2017-04-13,ai_optimizedHW,0.14762116967999322
2017-04-12,ai_optimizedHW,0.05896142958244866
2017-04-11,ai_optimizedHW,0.15914728682170545
2017-04-10,ai_optimizedHW,0.1255620723362659
2017-04-10,ai_optimizedHW,0.1017068836513281
2017-04-06,ai_optimizedHW,-0.06484848484848484
2017-04-06,ai_optimizedHW,0.09517006802721088
2017-04-04,ai_optimizedHW,0.034166666666666665
2017-04-03,ai_optimizedHW,0.03559523809523809
2017-03-28,ai_optimizedHW,0.0752076812076812
2017-03-27,ai_optimizedHW,0.032294372294372306
2017-03-24,ai_optimizedHW,0.19166666666666668
2017-03-23,ai_optimizedHW,0.13444337993518318
2017-03-22,ai_optimizedHW,0.11241292232671543
2017-03-21,ai_optimizedHW,0.11689925571504517
2017-03-15,ai_optimizedHW,0.08396464646464646
2017-03-14,ai_optimizedHW,0.14449537390713854
2017-03-10,ai_optimizedHW,0.20278486394557826
2017-03-09,ai_optimizedHW,0.12690826330532218
2017-03-08,ai_optimizedHW,0.0022765924551638905
2017-03-08,ai_optimizedHW,0.031926406926406914
2017-02-24,ai_optimizedHW,0.2124401913875598
2017-02-16,ai_optimizedHW,0.14700428194993415
2017-02-10,ai_optimizedHW,0.09723719676549866
2017-02-10,ai_optimizedHW,0.15018037518037522
2017-02-10,ai_optimizedHW,0.08727272727272728
2017-02-10,ai_optimizedHW,0.13546127296127297
2017-02-09,ai_optimizedHW,0.12743349645523558
2017-02-08,ai_optimizedHW,0.16163419913419913
2017-02-02,ai_optimizedHW,0.057098765432098776
2017-01-27,ai_optimizedHW,0.09196428571428573
2017-01-26,ai_optimizedHW,0.10259906759906762
2017-01-25,ai_optimizedHW,0.12222304894179892
2017-01-20,ai_optimizedHW,0.05647250566893424
2017-01-17,ai_optimizedHW,0.036943655303030315
2017-01-13,ai_optimizedHW,0.07114624505928853
2017-01-12,ai_optimizedHW,0.08741138088964177
2017-01-11,ai_optimizedHW,0.18575757575757576
2017-01-11,ai_optimizedHW,0.1681421713599931
2017-01-06,ai_optimizedHW,0.1590909090909091
2017-01-05,ai_optimizedHW,0.10189393939393938
2017-01-04,ai_optimizedHW,0.08512558295166991
2017-01-04,ai_optimizedHW,0.1925892857142857
2016-12-26,ai_optimizedHW,0.11194294131794134
2016-12-23,ai_optimizedHW,0.126734693877551
2016-12-08,ai_optimizedHW,0.12877825877825877
2016-12-06,ai_optimizedHW,0.0853835978835979
2016-12-05,ai_optimizedHW,0.1405335968379447
2016-12-02,ai_optimizedHW,0.10775641025641026
2016-11-30,ai_optimizedHW,0.11106349206349204
2016-11-24,ai_optimizedHW,0.1748809523809524
2016-11-16,ai_optimizedHW,0.05210678210678211
2016-11-16,ai_optimizedHW,0.19695739866194414
2016-11-15,ai_optimizedHW,0.18163992869875228
2016-11-15,ai_optimizedHW,0.15176767676767677
2016-11-15,ai_optimizedHW,0.16518262987012985
2016-11-15,ai_optimizedHW,0.19604676112065278
2016-11-08,ai_optimizedHW,0.18422668240850062
2016-11-07,ai_optimizedHW,0.038860028860028886
2016-11-07,ai_optimizedHW,0.10808080808080808
2016-11-04,ai_optimizedHW,0.07981673881673884
2016-11-03,ai_optimizedHW,0.15450468431624206
2016-10-24,ai_optimizedHW,0.029274891774891783
2016-10-24,ai_optimizedHW,0.1647639994414188
2016-10-24,ai_optimizedHW,0.09038500506585613
2016-10-14,ai_optimizedHW,0.1479591481315619
2016-10-14,ai_optimizedHW,0.3099537037037037
2016-10-13,ai_optimizedHW,0.153723387426596
2016-10-12,ai_optimizedHW,0.1188602018225306
2016-10-10,ai_optimizedHW,0.08247412975152699
2016-10-06,ai_optimizedHW,0.06264483065953654
2016-10-05,ai_optimizedHW,0.17366192005458317
2016-10-04,ai_optimizedHW,0.06869834710743801
2016-09-28,ai_optimizedHW,0.08926346801346802
2016-09-27,ai_optimizedHW,0.10564428064428064
2016-09-27,ai_optimizedHW,0.1258219954648526
2016-09-26,ai_optimizedHW,0.04345945448886626
2016-09-21,ai_optimizedHW,0.028590853590853598
2016-09-20,ai_optimizedHW,0.14571555895085303
2016-09-09,ai_optimizedHW,0.09844557324396035
2016-09-07,ai_optimizedHW,0.16776568501920616
2016-09-01,ai_optimizedHW,0.08609022556390976
2016-09-01,ai_optimizedHW,0.1487037037037037
2016-08-29,ai_optimizedHW,0.1924218374218374
2016-08-24,ai_optimizedHW,0.12069103735770402
2016-08-22,ai_optimizedHW,-0.13194444444444442
2016-08-05,ai_optimizedHW,0.22566666666666665
2016-08-04,ai_optimizedHW,0.23700159489633174
2016-07-21,ai_optimizedHW,-0.025282326369282893
2016-07-13,ai_optimizedHW,0.07264513264513264
2016-07-11,ai_optimizedHW,0.13893644234553326
2016-07-08,ai_optimizedHW,0.1183080808080808
2016-07-08,ai_optimizedHW,0.16565194805194805
2016-07-07,ai_optimizedHW,0.16424215151019286
2016-06-30,ai_optimizedHW,0.12342687074829932
2016-06-29,ai_optimizedHW,0.12404100529100526
2016-06-22,ai_optimizedHW,0.1514187566819146
2016-06-14,ai_optimizedHW,0.14503367003367004
2016-06-13,ai_optimizedHW,0.07626438602048358
2016-06-09,ai_optimizedHW,0.01557054057054057
2016-06-03,ai_optimizedHW,0.02473484848484848
2016-06-02,ai_optimizedHW,-0.07361111111111111
2016-06-01,ai_optimizedHW,0.19401270772238516
2016-05-27,ai_optimizedHW,0.22760204081632657
2016-05-25,ai_optimizedHW,0.05399028452463566
2016-05-23,ai_optimizedHW,0.12261363636363636
2016-05-20,ai_optimizedHW,0.12844181012785663
2016-05-19,ai_optimizedHW,0.19778860028860026
2016-05-15,ai_optimizedHW,0.16606015512265507
2016-05-09,ai_optimizedHW,0.09911133467471496
2016-05-05,ai_optimizedHW,0.1487037037037037
2016-05-04,ai_optimizedHW,0.17423904220779218
2016-05-02,ai_optimizedHW,0.1572346480679814
2016-04-28,ai_optimizedHW,0.05666173257636672
2016-04-26,ai_optimizedHW,0.19412878787878787
2016-04-25,ai_optimizedHW,0.0966679223170936
2016-04-22,ai_optimizedHW,0.12454545454545454
2016-04-22,ai_optimizedHW,0.13287878787878787
2016-04-21,ai_optimizedHW,0.09558723884810841
2016-04-13,ai_optimizedHW,0.2038214285714286
2016-04-06,ai_optimizedHW,0.12864190073492401
2016-03-30,ai_optimizedHW,0.125975935828877
2016-03-30,ai_optimizedHW,0.056084656084656084
2016-03-30,ai_optimizedHW,-0.00018518518518518453
2016-03-25,ai_optimizedHW,-0.0803143561864492
2016-03-25,ai_optimizedHW,-0.0803143561864492
2016-03-24,ai_optimizedHW,0.07845454545454549
2016-03-15,ai_optimizedHW,0.034444444444444444
2016-03-15,ai_optimizedHW,0.044521604938271626
2016-03-14,ai_optimizedHW,0.13558222183222185
2016-03-13,ai_optimizedHW,0.10553904428904431
2016-03-10,ai_optimizedHW,0.11190266866192787
2016-03-10,ai_optimizedHW,0.1283453530712304
2016-03-08,ai_optimizedHW,0.07294092642929853
2016-02-29,ai_optimizedHW,0.10185372108639436
2016-02-25,ai_optimizedHW,0.180184331797235
2016-02-25,ai_optimizedHW,0.17523865023865026
2016-02-22,ai_optimizedHW,0.18550324675324675
2016-02-17,ai_optimizedHW,0.16116372053872052
2016-02-05,ai_optimizedHW,0.04621658828975902
2016-02-05,ai_optimizedHW,0.07661483253588518
2016-01-12,ai_optimizedHW,0.03225509058842392
2016-01-07,ai_optimizedHW,0.003289473684210529
2016-01-03,ai_optimizedHW,0.26026851526851524
2015-12-22,ai_optimizedHW,0.16302863802863804
2015-11-06,ai_optimizedHW,0.03843402973837756
2015-10-26,ai_optimizedHW,0.17761093073593073
2015-10-08,ai_optimizedHW,0.1739784946236559
2015-09-15,ai_optimizedHW,0.16042580982236154
2015-09-07,ai_optimizedHW,0.2691729323308271
2015-07-27,ai_optimizedHW,0.032756410256410254
2015-07-16,ai_optimizedHW,0.09271466238679357
2015-07-10,ai_optimizedHW,0.017331118493909194
2015-07-03,ai_optimizedHW,0.12270505050505051
2015-04-26,ai_optimizedHW,0.16464285714285715
2015-03-16,ai_optimizedHW,0.11724137931034483
2015-02-10,ai_optimizedHW,0.10257867132867128
2015-01-15,ai_optimizedHW,0.0846980255516841
2015-01-12,ai_optimizedHW,0.12779503105590068
2014-12-16,ai_optimizedHW,0.20496031746031748
2014-08-12,ai_optimizedHW,0.13051893392802483
2014-06-18,ai_optimizedHW,0.040523288439955105
2014-02-18,ai_optimizedHW,0.1459375
2014-01-31,ai_optimizedHW,0.08674309229864786
2014-01-26,ai_optimizedHW,0.18267857142857144
2013-10-20,ai_optimizedHW,0.21836363636363632
2017-11-23,ai_optimizedHW,0.13535353535353536
2017-11-20,ai_optimizedHW,0.11069214876033057
2017-11-17,ai_optimizedHW,0.09297520661157024
2017-11-14,ai_optimizedHW,0.11469444444444446
2017-11-14,ai_optimizedHW,0.1993350635340927
2017-11-13,ai_optimizedHW,0.06402977139819244
2017-11-13,ai_optimizedHW,0.21559011164274325
2017-11-09,ai_optimizedHW,0.050388500388500394
2017-11-07,ai_optimizedHW,0.05638447971781306
2017-11-06,ai_optimizedHW,0.08924141160983268
2017-11-01,ai_optimizedHW,0.11207272056109267
2017-11-01,ai_optimizedHW,0.15437710437710436
2017-10-31,ai_optimizedHW,0.13588935574229694
2017-10-31,ai_optimizedHW,0.03643578643578644
2017-10-30,ai_optimizedHW,0.22064678742310326
2017-10-27,ai_optimizedHW,-0.04508692365835223
2017-10-25,ai_optimizedHW,0.14049886621315194
2017-10-24,ai_optimizedHW,0.18330074942978167
2017-10-19,ai_optimizedHW,0.14724283652855086
2017-10-18,ai_optimizedHW,0.1149104683195592
2017-10-17,ai_optimizedHW,0.12345987345987346
2017-10-16,ai_optimizedHW,0.13377806515518384
2017-10-16,ai_optimizedHW,0.11118247694334653
2017-10-13,ai_optimizedHW,0.18132897803950437
2017-10-13,ai_optimizedHW,0.19015151515151515
2017-10-12,ai_optimizedHW,0.008333333333333337
2017-10-11,ai_optimizedHW,0.07528093434343437
2017-10-06,ai_optimizedHW,0.1022943722943723
2017-10-06,ai_optimizedHW,0.11313604428358526
2017-10-05,ai_optimizedHW,0.08364274614274615
2017-10-04,ai_optimizedHW,0.08567588325652843
2017-09-26,ai_optimizedHW,0.18535565741448093
2017-09-19,ai_optimizedHW,0.06299544611232924
2017-09-13,ai_optimizedHW,0.1466360028860029
2017-09-08,ai_optimizedHW,0.15360517618582128
2017-09-08,ai_optimizedHW,0.11406250000000001
2017-09-07,ai_optimizedHW,0.10832756132756133
2017-09-06,ai_optimizedHW,0.2110750360750361
2017-09-05,ai_optimizedHW,0.1303448275862069
2017-09-04,ai_optimizedHW,0.10838383838383837
2017-09-04,ai_optimizedHW,0.07540322580645159
2017-09-01,ai_optimizedHW,0.0389030612244898
2017-08-31,ai_optimizedHW,0.07789308905380335
2017-08-30,ai_optimizedHW,0.15471380471380472
2017-08-23,ai_optimizedHW,0.075
2017-08-15,ai_optimizedHW,0.1467099567099567
2017-08-14,ai_optimizedHW,0.1639484126984127
2017-08-11,ai_optimizedHW,0.00681818181818182
2017-08-09,ai_optimizedHW,0.13248782467532466
2017-08-08,ai_optimizedHW,0.13840407559919754
2017-08-07,ai_optimizedHW,0.06503906662443248
2017-08-04,ai_optimizedHW,0.09770861322585458
2017-08-03,ai_optimizedHW,0.22005012531328322
2017-08-02,ai_optimizedHW,0.06332735247208932
2017-08-02,ai_optimizedHW,0.23237595737595737
2017-08-02,ai_optimizedHW,0.09808692990511171
2017-08-01,ai_optimizedHW,0.11103896103896105
2017-07-28,ai_optimizedHW,0.056666666666666664
2017-07-28,ai_optimizedHW,0.09576883116883117
2017-07-10,ai_optimizedHW,0.15732111026228673
2017-07-10,ai_optimizedHW,0.12023618538324422
2017-07-06,ai_optimizedHW,0.003571428571428575
2017-07-05,ai_optimizedHW,0.09342778433687524
2017-06-15,ai_optimizedHW,0.26749999999999996
2017-06-14,ai_optimizedHW,0.08901731601731602
2017-06-12,ai_optimizedHW,0.006803423848878392
2017-05-26,ai_optimizedHW,0.1399621212121212
2017-05-18,ai_optimizedHW,0.14844276094276093
2017-05-17,ai_optimizedHW,0.18415071770334923
2017-05-15,ai_optimizedHW,0.012878787878787889
2017-05-09,ai_optimizedHW,0.0331986531986532
2017-05-09,ai_optimizedHW,0.17908561296859166
2017-05-08,ai_optimizedHW,0.12589531680440771
2017-05-08,ai_optimizedHW,0.18704648526077094
2017-04-26,ai_optimizedHW,0.10707070707070707
2017-04-25,ai_optimizedHW,0.030105401844532278
2017-04-25,ai_optimizedHW,0.1269951298701299
2017-04-25,ai_optimizedHW,0.12612244897959185
2017-08-25,ai_optimizedHW,0.11004398826979472
2017-08-08,ai_optimizedHW,0.03910961114908483
2017-08-02,ai_optimizedHW,0.12180134680134683
2017-05-12,ai_optimizedHW,-0.04381313131313132
2017-11-22,ai_optimizedHW,0.10249797979797982
2017-10-16,ai_optimizedHW,0.18731292517006803
2017-09-26,ai_optimizedHW,0.1360095856524428
2017-09-05,ai_optimizedHW,0.2637596899224806
2017-09-01,ai_optimizedHW,0.13979076479076483
2017-08-04,ai_optimizedHW,0.11370196813495782
2017-07-03,ai_optimizedHW,0.19385590599876315
2017-06-21,ai_optimizedHW,0.0976709664209664
2017-06-01,ai_optimizedHW,0.14092134772857665
2017-05-10,ai_optimizedHW,0.10948660714285714
2017-03-27,ai_optimizedHW,0.10707070707070707
2017-03-21,ai_optimizedHW,0.04008967223252938
2017-03-06,ai_optimizedHW,0.0712223587223587
2017-03-06,ai_optimizedHW,0.10870604735400659
2017-02-23,ai_optimizedHW,0.03081908831908832
2017-02-10,ai_optimizedHW,0.14685811604416255
2017-02-03,ai_optimizedHW,0.08531892281892284
2016-11-23,ai_optimizedHW,0.11317739079102718
2016-11-22,ai_optimizedHW,0.06638411138411136
2016-10-17,ai_optimizedHW,0.14221699134199134
2016-09-22,ai_optimizedHW,0.120958790400538
2015-12-21,ai_optimizedHW,0.17109674072483994
2011-10-27,ai_optimizedHW,0.1257848848970344
2017-11-10,ai_optimizedHW,0.07917876379740786
2017-11-02,ai_optimizedHW,0.22356124267888972
2017-10-31,ai_optimizedHW,0.12451878478664187
2017-10-31,ai_optimizedHW,0.15566077441077442
2017-10-30,ai_optimizedHW,0.21545454545454545
2017-10-11,ai_optimizedHW,0.23076923076923078
2017-10-10,ai_optimizedHW,0.1485709366391185
2017-10-04,ai_optimizedHW,0.04532738095238095
2017-09-25,ai_optimizedHW,0.09768525592055001
2017-09-19,ai_optimizedHW,0.26363636363636367
2017-09-11,ai_optimizedHW,0.10843347580689354
2017-09-07,ai_optimizedHW,0.12619047619047621
2017-09-07,ai_optimizedHW,0.19326923076923078
2017-09-01,ai_optimizedHW,0.1259096332135548
2017-08-24,ai_optimizedHW,0.11270202020202019
2017-08-21,ai_optimizedHW,0.14383116883116884
2017-08-16,ai_optimizedHW,0.06999999999999999
2017-08-11,ai_optimizedHW,0.19194214876033058
2017-07-26,ai_optimizedHW,0.029761904761904764
2017-07-20,ai_optimizedHW,0.18541666666666667
2017-07-10,ai_optimizedHW,0.027777777777777776
2017-07-10,ai_optimizedHW,0.18977272727272732
2017-07-07,ai_optimizedHW,0.14497354497354498
2017-07-07,ai_optimizedHW,-0.00818181818181818
2017-06-30,ai_optimizedHW,0.029537129537129534
2017-06-29,ai_optimizedHW,0.17583333333333334
2017-06-18,ai_optimizedHW,0.09682539682539683
2017-06-09,ai_optimizedHW,0.16153246753246753
2017-06-06,ai_optimizedHW,0.120288501452885
2017-06-05,ai_optimizedHW,0.1413961038961039
2017-05-26,ai_optimizedHW,0.08505972109487733
2017-05-09,ai_optimizedHW,0.20370553359683796
2017-05-04,ai_optimizedHW,0.17820165945165944
2017-11-28,ai_optimizedHW,0.15579805996472662
2017-11-28,ai_optimizedHW,0.0722849614153962
2017-11-27,ai_optimizedHW,0.13006944444444443
2017-11-27,ai_optimizedHW,0.31223484848484845
2017-11-22,ai_optimizedHW,0.24513333333333334
2017-11-21,ai_optimizedHW,0.21625
2017-11-18,ai_optimizedHW,0.25
2017-11-14,ai_optimizedHW,0.33376623376623377
2017-11-14,ai_optimizedHW,0.09444444444444444
2017-11-10,ai_optimizedHW,0.1819491685563114
2017-11-08,ai_optimizedHW,0.06468855218855218
2017-11-06,ai_optimizedHW,0.09284606243429773
2017-10-31,ai_optimizedHW,0.14611935683364252
2017-10-31,ai_optimizedHW,0.1687812187812188
2017-10-27,ai_optimizedHW,0.1316584209441352
2017-10-25,ai_optimizedHW,0.14572649572649574
2017-10-20,ai_optimizedHW,0.2090909090909091
2017-10-19,ai_optimizedHW,-0.03245614035087719
2017-10-17,ai_optimizedHW,0.1657240872335212
2017-10-16,ai_optimizedHW,0.09573575331772054
2017-10-12,ai_optimizedHW,0.12037545787545788
2017-10-11,ai_optimizedHW,0.09173076923076924
2017-10-09,ai_optimizedHW,0.16375661375661377
2017-10-09,ai_optimizedHW,0.14969135802469136
2017-10-05,ai_optimizedHW,0.07894385026737968
2017-09-30,ai_optimizedHW,0.08692765567765569
2017-09-26,ai_optimizedHW,0.1321496212121212
2017-09-26,ai_optimizedHW,0.07921785421785422
2017-09-22,ai_optimizedHW,0.18433908045977015
2017-09-21,ai_optimizedHW,0.24027777777777773
2017-09-18,ai_optimizedHW,0.112962962962963
2017-09-17,ai_optimizedHW,0.22726190476190475
2017-09-15,ai_optimizedHW,0.2531257957728546
2017-09-15,ai_optimizedHW,0.21428571428571425
2017-09-13,ai_optimizedHW,0.11355825334086204
2017-09-13,ai_optimizedHW,0.14276094276094276
2017-09-12,ai_optimizedHW,0.21598925765592433
2017-09-06,ai_optimizedHW,0.09285714285714286
2017-09-06,ai_optimizedHW,0.15078341013824886
2017-09-05,ai_optimizedHW,0.0842447026657553
2017-09-04,ai_optimizedHW,0.1375
2017-09-03,ai_optimizedHW,0.21071428571428572
2017-09-02,ai_optimizedHW,0.18890692640692638
2017-08-31,ai_optimizedHW,0.23718024399842583
2017-08-31,ai_optimizedHW,0.1288900913900914
2017-08-30,ai_optimizedHW,0.156341189674523
2017-08-27,ai_optimizedHW,-0.10104166666666665
2017-08-24,ai_optimizedHW,0.20416666666666664
2017-08-23,ai_optimizedHW,0.13421481899742774
2017-08-23,ai_optimizedHW,0.037396694214876056
2017-08-22,ai_optimizedHW,0.23302139037433156
2017-08-21,ai_optimizedHW,0.12471049783549784
2017-08-21,ai_optimizedHW,0.14383116883116884
2017-08-20,ai_optimizedHW,0.07366071428571429
2017-08-17,ai_optimizedHW,0.16183473389355743
2017-08-14,ai_optimizedHW,0.12481060606060605
2017-08-14,ai_optimizedHW,0.2126948051948052
2017-08-14,ai_optimizedHW,0.14913419913419915
2017-08-12,ai_optimizedHW,0.18201058201058198
2017-08-10,ai_optimizedHW,0.09305803571428573
2017-08-09,ai_optimizedHW,0.2402020202020202
2017-08-07,ai_optimizedHW,0.062199533799533795
2017-08-03,ai_optimizedHW,0.19240740740740744
2017-08-01,ai_optimizedHW,0.16388888888888892
2017-07-26,ai_optimizedHW,0.029761904761904764
2017-07-26,ai_optimizedHW,0.11014402264402261
2017-07-26,ai_optimizedHW,0.1238130149420472
2017-07-25,ai_optimizedHW,0.1337142857142857
2017-07-25,ai_optimizedHW,0.015259740259740258
2017-07-24,ai_optimizedHW,0.11528925619834712
2017-07-20,ai_optimizedHW,0.36056818181818173
2017-07-20,ai_optimizedHW,0.14725274725274723
2017-07-20,ai_optimizedHW,0.10246031746031745
2017-07-17,ai_optimizedHW,0.04374999999999999
2017-07-12,ai_optimizedHW,0.15075757575757578
2017-07-12,ai_optimizedHW,0.10176654942279943
2017-07-12,ai_optimizedHW,0.21891293891293892
2017-07-12,ai_optimizedHW,0.15379464285714287
2017-07-11,ai_optimizedHW,0.2223611111111111
2017-07-11,ai_optimizedHW,0.10959517535604492
2017-07-11,ai_optimizedHW,0.19176870748299318
2017-07-10,ai_optimizedHW,0.027777777777777776
2017-07-06,ai_optimizedHW,0.09329262007833436
2017-07-05,ai_optimizedHW,0.13550724637681158
2017-07-04,ai_optimizedHW,0.12824546485260774
2017-06-28,ai_optimizedHW,0.152834145021645
2017-06-27,ai_optimizedHW,0.1251552795031056
2017-06-27,ai_optimizedHW,0.11400656814449918
2017-06-26,ai_optimizedHW,0.03856872294372293
2017-06-23,ai_optimizedHW,0.01709183673469388
2017-06-22,ai_optimizedHW,0.28303668261563003
2017-06-18,ai_optimizedHW,0.178125
2017-06-15,ai_optimizedHW,0.13856150793650795
2017-06-15,ai_optimizedHW,0.02868457300275483
2017-06-14,ai_optimizedHW,0.10014329805996475
2017-06-14,ai_optimizedHW,0.03863636363636364
2017-06-09,ai_optimizedHW,0.16153246753246753
2017-06-08,ai_optimizedHW,0.06326852866009493
2017-06-07,ai_optimizedHW,0.17100048100048099
2017-06-05,ai_optimizedHW,0.019080762987012993
2017-06-05,ai_optimizedHW,0.27826190476190477
2017-05-31,ai_optimizedHW,0.06931507190127881
2017-05-29,ai_optimizedHW,0.239020092226614
2017-05-28,ai_optimizedHW,0.2020833333333333
2017-05-26,ai_optimizedHW,0.09015151515151516
2017-05-26,ai_optimizedHW,0.08181818181818182
2017-05-25,ai_optimizedHW,0.05522844272844274
2017-05-24,ai_optimizedHW,0.13952777777777778
2017-05-23,ai_optimizedHW,0.12425170068027214
2017-05-22,ai_optimizedHW,0.11544612794612795
2017-05-21,ai_optimizedHW,0.29345238095238096
2017-05-19,ai_optimizedHW,0.3982142857142857
2017-05-19,ai_optimizedHW,0.03392049127343245
2017-05-17,ai_optimizedHW,0.09018939393939394
2017-05-17,ai_optimizedHW,0.18517543859649124
2017-05-17,ai_optimizedHW,0.2132034632034632
2017-05-17,ai_optimizedHW,0.13674242424242422
2017-05-17,ai_optimizedHW,-0.022448979591836744
2017-05-17,ai_optimizedHW,0.17864100185528758
2017-05-17,ai_optimizedHW,0.20559440559440562
2017-05-16,ai_optimizedHW,0.1278409090909091
2017-05-16,ai_optimizedHW,0.10256493506493507
2017-05-15,ai_optimizedHW,0.16874999999999996
2017-05-13,ai_optimizedHW,0.11535714285714287
2017-05-12,ai_optimizedHW,0.16671144947007016
2017-05-11,ai_optimizedHW,0.19333333333333333
2017-05-10,ai_optimizedHW,0.12765675185030023
2017-05-10,ai_optimizedHW,0.18583959899749375
2017-05-10,ai_optimizedHW,0.13
2017-05-09,ai_optimizedHW,0.20370553359683796
2017-05-08,ai_optimizedHW,0.08750000000000001
2017-05-03,ai_optimizedHW,0.08636363636363638
2017-04-29,ai_optimizedHW,0.125
2017-04-27,ai_optimizedHW,0.15620629370629371
2017-04-24,ai_optimizedHW,0.1847230421094057
2017-04-13,ai_optimizedHW,0.16099773242630386
2017-04-11,ai_optimizedHW,0.07988620678838067
2017-04-11,ai_optimizedHW,0.09853535353535353
2017-04-10,ai_optimizedHW,0.09730710466004583
2017-04-07,ai_optimizedHW,0.08007246376811594
2017-04-06,ai_optimizedHW,0.1195
2017-03-29,ai_optimizedHW,0.24705882352941172
2017-03-13,ai_optimizedHW,0.07222222222222223
2017-03-04,ai_optimizedHW,0.1779764247296715
2017-03-02,ai_optimizedHW,0.10909090909090909
2017-02-21,ai_optimizedHW,0.22456140350877193
2017-02-16,ai_optimizedHW,0.13793290043290043
2017-02-11,ai_optimizedHW,0.125753367003367
2017-02-10,ai_optimizedHW,0.10870379620379621
2017-02-09,ai_optimizedHW,0.1571590909090909
2017-02-09,ai_optimizedHW,0.1051373106060606
2017-02-08,ai_optimizedHW,0.0818226911976912
2017-02-01,ai_optimizedHW,0.11994167869167872
2017-01-31,ai_optimizedHW,0.21618457300275482
2017-01-17,ai_optimizedHW,0.0642857142857143
2017-01-12,ai_optimizedHW,0.11961322990734755
2017-01-12,ai_optimizedHW,0.12250369139904023
2017-01-10,ai_optimizedHW,0.2106291318500621
2017-01-09,ai_optimizedHW,0.2812074829931973
2017-01-09,ai_optimizedHW,0.09458333333333332
2017-01-07,ai_optimizedHW,0.25833333333333336
2017-01-06,ai_optimizedHW,0.09188034188034187
2017-01-05,ai_optimizedHW,0.06103929139643425
2017-01-04,ai_optimizedHW,0.15489417989417986
2017-01-04,ai_optimizedHW,0.15059523809523806
2017-01-03,ai_optimizedHW,0.15970695970695972
2017-01-03,ai_optimizedHW,0.0293560606060606
2016-12-28,ai_optimizedHW,0.08687836553690213
2016-12-27,ai_optimizedHW,0.25206611570247933
2016-12-19,ai_optimizedHW,0.15645502645502646
2016-12-09,ai_optimizedHW,0.15283631462876737
2016-12-06,ai_optimizedHW,0.16874999999999998
2016-12-06,ai_optimizedHW,0.05820035084740966
2016-12-05,ai_optimizedHW,0.11542699724517905
2016-12-02,ai_optimizedHW,0.12574846206425158
2016-11-29,ai_optimizedHW,0.0892436974789916
2016-11-21,ai_optimizedHW,0.16241496598639454
2016-11-16,ai_optimizedHW,0.1345121545121545
2016-11-16,ai_optimizedHW,0.1630551547218214
2016-11-06,ai_optimizedHW,0.07612179487179487
2016-11-02,ai_optimizedHW,0.08455204216073779
2016-10-26,ai_optimizedHW,0.08888888888888889
2016-10-25,ai_optimizedHW,0.0978395061728395
2016-10-17,ai_optimizedHW,0.13771008403361346
2016-10-05,ai_optimizedHW,0.11416666666666667
2016-10-05,ai_optimizedHW,0.1263178319996502
2016-10-04,ai_optimizedHW,0.20254702194357363
2016-09-29,ai_optimizedHW,0.0
2016-09-29,ai_optimizedHW,0.09427083333333335
2016-09-26,ai_optimizedHW,0.3385714285714286
2016-09-25,ai_optimizedHW,0.23571428571428568
2016-09-22,ai_optimizedHW,0.09211295494628824
2016-09-08,ai_optimizedHW,0.0
2016-09-06,ai_optimizedHW,0.154153898535921
2016-08-29,ai_optimizedHW,0.31538461538461543
2016-08-09,ai_optimizedHW,-0.10952380952380951
2016-08-08,ai_optimizedHW,0.1196373483873484
2016-08-06,ai_optimizedHW,0.24227272727272728
2016-07-27,ai_optimizedHW,0.29492310321257686
2016-07-21,ai_optimizedHW,0.12041504531673065
2016-07-20,ai_optimizedHW,0.1712121212121212
2016-07-17,ai_optimizedHW,0.0
2016-07-05,ai_optimizedHW,0.04692982456140351
2016-07-03,ai_optimizedHW,0.0
2016-06-23,ai_optimizedHW,0.0
2016-06-15,ai_optimizedHW,0.046296296296296315
2016-06-14,ai_optimizedHW,0.0
2016-06-13,ai_optimizedHW,0.09513888888888888
2016-06-06,ai_optimizedHW,0.15777777777777777
2016-06-02,ai_optimizedHW,0.09090909090909091
2016-06-01,ai_optimizedHW,0.0
2016-06-01,ai_optimizedHW,0.2208333333333333
2016-05-24,ai_optimizedHW,0.0
2016-05-23,ai_optimizedHW,0.1307048853923854
2016-05-18,ai_optimizedHW,0.16666666666666666
2016-05-18,ai_optimizedHW,0.0
2016-05-18,ai_optimizedHW,0.16314285714285717
2016-05-10,ai_optimizedHW,0.09287373737373736
2016-05-10,ai_optimizedHW,0.0
2016-05-08,ai_optimizedHW,0.0
2016-05-05,ai_optimizedHW,0.10892857142857142
2016-04-24,ai_optimizedHW,0.0
2016-04-20,ai_optimizedHW,0.0
2016-04-16,ai_optimizedHW,0.0
2016-04-07,ai_optimizedHW,0.0
2016-03-30,ai_optimizedHW,0.17380952380952383
2016-03-30,ai_optimizedHW,0.17016883116883114
2016-03-30,ai_optimizedHW,0.14703282828282827
2016-03-30,ai_optimizedHW,0.30126262626262623
2016-03-13,ai_optimizedHW,0.0
2016-03-10,ai_optimizedHW,0.0
2016-03-06,ai_optimizedHW,0.0
2016-02-22,ai_optimizedHW,-0.040451388888888884
2016-02-17,ai_optimizedHW,0.25337028291573754
2016-02-10,ai_optimizedHW,0.1988888888888889
2016-02-03,ai_optimizedHW,0.11863636363636362
2016-01-28,ai_optimizedHW,0.11374999999999999
2016-01-07,ai_optimizedHW,-0.09718614718614718
2016-01-03,ai_optimizedHW,0.1331168831168831
2015-12-22,ai_optimizedHW,4.625929269271485e-18
2015-12-21,ai_optimizedHW,0.2777777777777778
2015-12-10,ai_optimizedHW,0.11833333333333333
2017-11-14,ai_optimizedHW,0.1104357448107448
2017-09-26,ai_optimizedHW,0.2619084938050456
2017-09-13,ai_optimizedHW,0.23508771929824568
2017-09-06,ai_optimizedHW,0.06559139784946236
2017-08-21,ai_optimizedHW,0.10483640755379887
2017-08-18,ai_optimizedHW,0.06980011040413724
2017-07-12,ai_optimizedHW,0.07448853615520283
2017-07-12,ai_optimizedHW,0.23913043478260865
2017-07-06,ai_optimizedHW,0.13120155038759693
2017-06-27,ai_optimizedHW,0.0576569264069264
2017-06-21,ai_optimizedHW,0.13793547722119148
2017-05-26,ai_optimizedHW,0.0802324487107096
2017-05-19,ai_optimizedHW,0.08219963796886876
2017-05-16,ai_optimizedHW,0.1362587932900433
2017-05-08,ai_optimizedHW,0.19160859465737512
2017-05-04,ai_optimizedHW,0.14161779081133918
2017-04-05,ai_optimizedHW,0.05487689393939395
2017-04-05,ai_optimizedHW,0.12206380575945794
2017-03-16,ai_optimizedHW,0.15605609668109668
2017-02-20,ai_optimizedHW,0.18465987306695267
2017-02-17,ai_optimizedHW,0.0924076357670108
2017-02-16,ai_optimizedHW,0.08843420730213183
2017-02-14,ai_optimizedHW,0.030105401844532278
2017-02-13,ai_optimizedHW,0.10569444444444448
2017-01-10,ai_optimizedHW,0.11109090909090909
2017-01-05,ai_optimizedHW,0.15963471449185737
2017-01-03,ai_optimizedHW,0.07509343434343435
2016-12-05,ai_optimizedHW,0.01919642857142857
2016-10-06,ai_optimizedHW,0.17544320758606477
2016-09-29,ai_optimizedHW,0.09033463203463206
2016-08-01,ai_optimizedHW,0.20321969696969697
2016-06-03,ai_optimizedHW,-0.011363636363636359
2016-03-18,ai_optimizedHW,0.16435786435786437
2017-11-27,ai_optimizedHW,0.11192736063425718
2017-11-06,ai_optimizedHW,0.15129870129870132
2017-10-31,ai_optimizedHW,0.043993506493506494
2017-09-20,ai_optimizedHW,0.1759902597402598
2017-09-14,ai_optimizedHW,0.23410836475352606
2017-08-31,ai_optimizedHW,0.14064697170734314
2017-08-29,ai_optimizedHW,0.17283291562238925
2017-07-06,ai_optimizedHW,0.16111926224267994
2017-06-29,ai_optimizedHW,0.13880373502466525
2017-06-28,ai_optimizedHW,0.04609788359788361
2017-06-15,ai_optimizedHW,0.18978856509344313
2017-06-13,ai_optimizedHW,0.023809523809523808
2017-05-15,ai_optimizedHW,0.2375072843822844
2017-05-03,ai_optimizedHW,0.08951575120406284
2017-05-03,ai_optimizedHW,0.14232200091575092
2017-04-06,ai_optimizedHW,0.07377639367435287
2017-03-02,ai_optimizedHW,0.08330206830206828
2017-01-31,ai_optimizedHW,0.22873181818181818
2017-01-31,ai_optimizedHW,0.12705965909090908
2017-01-27,ai_optimizedHW,0.14049277389277387
2017-01-19,ai_optimizedHW,0.16650849150849145
2017-01-05,ai_optimizedHW,0.13242544492544492
2017-01-04,ai_optimizedHW,0.195407196969697
2016-11-30,ai_optimizedHW,0.1596938775510204
2016-11-15,ai_optimizedHW,0.15066844919786096
2016-11-14,ai_optimizedHW,-0.005371383002961954
2016-10-12,ai_optimizedHW,0.14574462827887488
2016-10-05,ai_optimizedHW,0.08748338562558744
2016-09-29,ai_optimizedHW,0.1784304687082465
2016-09-22,ai_optimizedHW,0.13954056695992176
2016-08-22,ai_optimizedHW,0.12850468975468976
2016-08-22,ai_optimizedHW,0.13508096841430176
2016-07-27,ai_optimizedHW,0.18938363224077506
2016-07-07,ai_optimizedHW,0.10536769480519478
2016-07-07,ai_optimizedHW,0.13015606552538372
2016-06-24,ai_optimizedHW,0.14246084879805807
2016-06-08,ai_optimizedHW,0.13499195897560387
2016-05-31,ai_optimizedHW,-0.0025737639553429057
2016-05-23,ai_optimizedHW,0.19794153657790017
2016-05-19,ai_optimizedHW,0.19426652892561982
2016-03-22,ai_optimizedHW,0.20217293528981842
2016-01-11,ai_optimizedHW,0.11903946876169098
2016-01-07,ai_optimizedHW,0.22172558922558924
2015-12-07,ai_optimizedHW,0.10239634439634439
2015-10-07,ai_optimizedHW,0.10252039627039627
2015-05-29,ai_optimizedHW,0.046995464852607714
2015-03-26,ai_optimizedHW,0.12478956228956231
2015-03-17,ai_optimizedHW,0.019576719576719574
2015-01-28,ai_optimizedHW,0.14268341307814994
2014-10-02,ai_optimizedHW,0.15843181818181817
2014-07-10,ai_optimizedHW,0.18002291825821237
2014-05-30,ai_optimizedHW,0.18645743145743146
2014-04-04,ai_optimizedHW,0.04845294630742391
2014-02-02,ai_optimizedHW,0.19240476190476194
2014-01-30,ai_optimizedHW,0.12036379741290461
2017-11-23,ai_optimizedHW,0.03746816908581614
2017-11-22,ai_optimizedHW,0.20169795356158995
2017-11-16,ai_optimizedHW,0.1669282106782107
2017-11-15,ai_optimizedHW,0.11325309156519349
2017-11-14,ai_optimizedHW,0.09209956709956711
2017-11-10,ai_optimizedHW,0.12338509316770184
2017-11-10,ai_optimizedHW,0.0797825456330611
2017-11-02,ai_optimizedHW,0.0509678163366688
2017-11-01,ai_optimizedHW,0.12587719298245612
2017-10-30,ai_optimizedHW,0.15728910728910728
2017-10-24,ai_optimizedHW,0.04560325010906406
2017-10-24,ai_optimizedHW,0.08949810606060608
2017-10-19,ai_optimizedHW,0.1657357648736959
2017-10-18,ai_optimizedHW,0.15814651791161857
2017-10-18,ai_optimizedHW,0.07172619047619047
2017-10-17,ai_optimizedHW,0.08397495361781074
2017-10-17,ai_optimizedHW,0.08503787878787877
2017-10-16,ai_optimizedHW,0.038357589380316644
2017-10-11,ai_optimizedHW,0.09997993579454253
2017-10-11,ai_optimizedHW,0.050426136363636354
2017-10-11,ai_optimizedHW,0.030815508021390364
2017-10-09,ai_optimizedHW,0.12613636363636366
2017-10-09,ai_optimizedHW,0.18159722222222224
2017-10-06,ai_optimizedHW,0.19143037518037517
2017-10-05,ai_optimizedHW,0.08162337662337664
2017-10-04,ai_optimizedHW,0.2044717624057002
2017-10-04,ai_optimizedHW,0.12828206515706514
2017-10-04,ai_optimizedHW,0.178030303030303
2017-10-04,ai_optimizedHW,0.05812289562289563
2017-10-01,ai_optimizedHW,0.060859973359973354
2017-09-26,ai_optimizedHW,0.08413078149920256
2017-09-21,ai_optimizedHW,0.13224599635596468
2017-09-20,ai_optimizedHW,0.1825895509719039
2017-09-20,ai_optimizedHW,0.16761423761423763
2017-09-18,ai_optimizedHW,0.1464002267573696
2017-09-18,ai_optimizedHW,0.09205851619644724
2017-09-13,ai_optimizedHW,0.02012213976499691
2017-09-10,ai_optimizedHW,-0.023050379572118716
2017-09-07,ai_optimizedHW,0.07862718089990817
2017-09-04,ai_optimizedHW,-0.02205086580086581
2017-08-31,ai_optimizedHW,0.1460674931129477
2017-08-31,ai_optimizedHW,0.13267123617123613
2017-08-21,ai_optimizedHW,0.1167965367965368
2017-08-16,ai_optimizedHW,0.12159932659932661
2017-08-14,ai_optimizedHW,0.11239047619047614
2017-08-14,ai_optimizedHW,0.11067870826491513
2017-08-11,ai_optimizedHW,0.023027351436442352
2017-08-09,ai_optimizedHW,0.09685364835967247
2017-08-08,ai_optimizedHW,0.16643053067622035
2017-08-08,ai_optimizedHW,0.029400252525252538
2017-08-04,ai_optimizedHW,0.12672882672882674
2017-08-03,ai_optimizedHW,0.07478784337680043
2017-08-01,ai_optimizedHW,0.21856261022927692
2017-07-28,ai_optimizedHW,-0.03682200152788386
2017-07-27,ai_optimizedHW,0.10082427262659821
2017-07-26,ai_optimizedHW,0.21573651573651573
2017-07-25,ai_optimizedHW,0.09327973613687898
2017-07-25,ai_optimizedHW,0.07470645394032491
2017-07-24,ai_optimizedHW,0.12947824105718841
2017-07-20,ai_optimizedHW,0.16626917321361767
2017-07-20,ai_optimizedHW,0.11604610667110668
2017-07-19,ai_optimizedHW,0.10963918026418024
2017-07-19,ai_optimizedHW,0.12243083003952569
2017-07-17,ai_optimizedHW,-0.02812976705833849
2017-07-14,ai_optimizedHW,0.16512215854321116
2017-07-13,ai_optimizedHW,0.09166250416250415
2017-07-12,ai_optimizedHW,0.03600125403696832
2017-07-12,ai_optimizedHW,0.07355699855699856
2017-07-10,ai_optimizedHW,0.02341200466200466
2017-07-10,ai_optimizedHW,0.01954785954785954
2017-07-07,ai_optimizedHW,0.11806344696969698
2017-07-07,ai_optimizedHW,-0.0007740447957839174
2017-07-06,ai_optimizedHW,0.13811685659112133
2017-07-05,ai_optimizedHW,0.1159518113465482
2017-06-29,ai_optimizedHW,-0.024074074074074067
2017-06-26,ai_optimizedHW,0.09261684643040574
2017-06-21,ai_optimizedHW,0.0834710743801653
2017-06-15,ai_optimizedHW,0.10257566507566508
2017-06-15,ai_optimizedHW,0.09911674347158218
2017-06-14,ai_optimizedHW,0.2069073083778966
2017-06-14,ai_optimizedHW,0.06688093051729416
2017-06-08,ai_optimizedHW,0.03145454545454546
2017-06-07,ai_optimizedHW,0.1252490564990565
2017-06-05,ai_optimizedHW,0.17103535353535354
2017-06-01,ai_optimizedHW,0.1528474580974582
2017-05-30,ai_optimizedHW,0.16920336431757746
2017-05-27,ai_optimizedHW,0.12244172494172494
2017-05-26,ai_optimizedHW,0.10986742424242427
2017-05-26,ai_optimizedHW,0.10257880140692638
2017-05-23,ai_optimizedHW,0.09037280701754387
2017-05-22,ai_optimizedHW,0.14697121339820454
2017-05-19,ai_optimizedHW,0.19603174603174603
2017-05-19,ai_optimizedHW,0.0031207520337955077
2017-05-18,ai_optimizedHW,0.18596139971139974
2017-05-18,ai_optimizedHW,0.2571072446072446
2017-05-17,ai_optimizedHW,0.15377422877422875
2017-05-17,ai_optimizedHW,0.08392886551853943
2017-05-17,ai_optimizedHW,0.18006049506049507
2017-05-16,ai_optimizedHW,0.19624505928853755
2017-05-15,ai_optimizedHW,0.04455003978368464
2017-05-15,ai_optimizedHW,0.20440087256493503
2017-05-10,ai_optimizedHW,0.017776679841897233
2017-05-10,ai_optimizedHW,0.09593726379440667
2017-05-09,ai_optimizedHW,0.20861381673881674
2017-05-08,ai_optimizedHW,0.1129715522572665
2017-05-04,ai_optimizedHW,0.1822860962566845
2017-05-03,ai_optimizedHW,0.17939333814333816
2017-05-02,ai_optimizedHW,0.16944514834758737
2017-04-27,ai_optimizedHW,0.13671328671328675
2017-04-21,ai_optimizedHW,0.09010648985332526
2017-04-20,ai_optimizedHW,0.17478787878787877
2017-04-13,ai_optimizedHW,0.06738699612076235
2017-04-13,ai_optimizedHW,0.14762116967999322
2017-04-12,ai_optimizedHW,0.05896142958244866
2017-04-11,ai_optimizedHW,0.15914728682170545
2017-04-10,ai_optimizedHW,0.1255620723362659
2017-04-10,ai_optimizedHW,0.1017068836513281
2017-04-06,ai_optimizedHW,-0.06484848484848484
2017-04-06,ai_optimizedHW,0.09517006802721088
2017-04-04,ai_optimizedHW,0.034166666666666665
2017-04-03,ai_optimizedHW,0.03559523809523809
2017-03-28,ai_optimizedHW,0.0752076812076812
2017-03-27,ai_optimizedHW,0.032294372294372306
2017-03-24,ai_optimizedHW,0.19166666666666668
2017-03-23,ai_optimizedHW,0.13444337993518318
2017-03-22,ai_optimizedHW,0.11241292232671543
2017-03-21,ai_optimizedHW,0.11689925571504517
2017-03-15,ai_optimizedHW,0.08396464646464646
2017-03-14,ai_optimizedHW,0.14449537390713854
2017-03-10,ai_optimizedHW,0.20278486394557826
2017-03-09,ai_optimizedHW,0.12690826330532218
2017-03-08,ai_optimizedHW,0.0022765924551638905
2017-03-08,ai_optimizedHW,0.031926406926406914
2017-02-24,ai_optimizedHW,0.2124401913875598
2017-02-16,ai_optimizedHW,0.14700428194993415
2017-02-10,ai_optimizedHW,0.09723719676549866
2017-02-10,ai_optimizedHW,0.15018037518037522
2017-02-10,ai_optimizedHW,0.08727272727272728
2017-02-10,ai_optimizedHW,0.13546127296127297
2017-02-09,ai_optimizedHW,0.12743349645523558
2017-02-08,ai_optimizedHW,0.16163419913419913
2017-02-02,ai_optimizedHW,0.057098765432098776
2017-01-27,ai_optimizedHW,0.09196428571428573
2017-01-26,ai_optimizedHW,0.10259906759906762
2017-01-25,ai_optimizedHW,0.12222304894179892
2017-01-20,ai_optimizedHW,0.05647250566893424
2017-01-17,ai_optimizedHW,0.036943655303030315
2017-01-13,ai_optimizedHW,0.07114624505928853
2017-01-12,ai_optimizedHW,0.08741138088964177
2017-01-11,ai_optimizedHW,0.18575757575757576
2017-01-11,ai_optimizedHW,0.1681421713599931
2017-01-06,ai_optimizedHW,0.1590909090909091
2017-01-05,ai_optimizedHW,0.10189393939393938
2017-01-04,ai_optimizedHW,0.08512558295166991
2017-01-04,ai_optimizedHW,0.1925892857142857
2016-12-26,ai_optimizedHW,0.11194294131794134
2016-12-23,ai_optimizedHW,0.126734693877551
2016-12-08,ai_optimizedHW,0.12877825877825877
2016-12-06,ai_optimizedHW,0.0853835978835979
2016-12-05,ai_optimizedHW,0.1405335968379447
2016-12-02,ai_optimizedHW,0.10775641025641026
2016-11-30,ai_optimizedHW,0.11106349206349204
2016-11-24,ai_optimizedHW,0.1748809523809524
2016-11-16,ai_optimizedHW,0.05210678210678211
2016-11-16,ai_optimizedHW,0.19695739866194414
2016-11-15,ai_optimizedHW,0.18163992869875228
2016-11-15,ai_optimizedHW,0.15176767676767677
2016-11-15,ai_optimizedHW,0.16518262987012985
2016-11-15,ai_optimizedHW,0.19604676112065278
2016-11-08,ai_optimizedHW,0.18422668240850062
2016-11-07,ai_optimizedHW,0.038860028860028886
2016-11-07,ai_optimizedHW,0.10808080808080808
2016-11-04,ai_optimizedHW,0.07981673881673884
2016-11-03,ai_optimizedHW,0.15450468431624206
2016-10-24,ai_optimizedHW,0.029274891774891783
2016-10-24,ai_optimizedHW,0.1647639994414188
2016-10-24,ai_optimizedHW,0.09038500506585613
2016-10-14,ai_optimizedHW,0.1479591481315619
2016-10-14,ai_optimizedHW,0.3099537037037037
2016-10-13,ai_optimizedHW,0.153723387426596
2016-10-12,ai_optimizedHW,0.1188602018225306
2016-10-10,ai_optimizedHW,0.08247412975152699
2016-10-06,ai_optimizedHW,0.06264483065953654
2016-10-05,ai_optimizedHW,0.17366192005458317
2016-10-04,ai_optimizedHW,0.06869834710743801
2016-09-28,ai_optimizedHW,0.08926346801346802
2016-09-27,ai_optimizedHW,0.10564428064428064
2016-09-27,ai_optimizedHW,0.1258219954648526
2016-09-26,ai_optimizedHW,0.04345945448886626
2016-09-21,ai_optimizedHW,0.028590853590853598
2016-09-20,ai_optimizedHW,0.14571555895085303
2016-09-09,ai_optimizedHW,0.09844557324396035
2016-09-07,ai_optimizedHW,0.16776568501920616
2016-09-01,ai_optimizedHW,0.08609022556390976
2016-09-01,ai_optimizedHW,0.1487037037037037
2016-08-29,ai_optimizedHW,0.1924218374218374
2016-08-24,ai_optimizedHW,0.12069103735770402
2016-08-22,ai_optimizedHW,-0.13194444444444442
2016-08-05,ai_optimizedHW,0.22566666666666665
2016-08-04,ai_optimizedHW,0.23700159489633174
2016-07-21,ai_optimizedHW,-0.025282326369282893
2016-07-13,ai_optimizedHW,0.07264513264513264
2016-07-11,ai_optimizedHW,0.13893644234553326
2016-07-08,ai_optimizedHW,0.1183080808080808
2016-07-08,ai_optimizedHW,0.16565194805194805
2016-07-07,ai_optimizedHW,0.16424215151019286
2016-06-30,ai_optimizedHW,0.12342687074829932
2016-06-29,ai_optimizedHW,0.12404100529100526
2016-06-22,ai_optimizedHW,0.1514187566819146
2016-06-14,ai_optimizedHW,0.14503367003367004
2016-06-13,ai_optimizedHW,0.07626438602048358
2016-06-09,ai_optimizedHW,0.01557054057054057
2016-06-03,ai_optimizedHW,0.02473484848484848
2016-06-02,ai_optimizedHW,-0.07361111111111111
2016-06-01,ai_optimizedHW,0.19401270772238516
2016-05-27,ai_optimizedHW,0.22760204081632657
2016-05-25,ai_optimizedHW,0.05399028452463566
2016-05-23,ai_optimizedHW,0.12261363636363636
2016-05-20,ai_optimizedHW,0.12844181012785663
2016-05-19,ai_optimizedHW,0.19778860028860026
2016-05-15,ai_optimizedHW,0.16606015512265507
2016-05-09,ai_optimizedHW,0.09911133467471496
2016-05-05,ai_optimizedHW,0.1487037037037037
2016-05-04,ai_optimizedHW,0.17423904220779218
2016-05-02,ai_optimizedHW,0.1572346480679814
2016-04-28,ai_optimizedHW,0.05666173257636672
2016-04-26,ai_optimizedHW,0.19412878787878787
2016-04-25,ai_optimizedHW,0.0966679223170936
2016-04-22,ai_optimizedHW,0.12454545454545454
2016-04-22,ai_optimizedHW,0.13287878787878787
2016-04-21,ai_optimizedHW,0.09558723884810841
2016-04-13,ai_optimizedHW,0.2038214285714286
2016-04-06,ai_optimizedHW,0.12864190073492401
2016-03-30,ai_optimizedHW,0.125975935828877
2016-03-30,ai_optimizedHW,0.056084656084656084
2016-03-30,ai_optimizedHW,-0.00018518518518518453
2016-03-25,ai_optimizedHW,-0.0803143561864492
2016-03-25,ai_optimizedHW,-0.0803143561864492
2016-03-24,ai_optimizedHW,0.07845454545454549
2016-03-15,ai_optimizedHW,0.034444444444444444
2016-03-15,ai_optimizedHW,0.044521604938271626
2016-03-14,ai_optimizedHW,0.13558222183222185
2016-03-13,ai_optimizedHW,0.10553904428904431
2016-03-10,ai_optimizedHW,0.11190266866192787
2016-03-10,ai_optimizedHW,0.1283453530712304
2016-03-08,ai_optimizedHW,0.07294092642929853
2016-02-29,ai_optimizedHW,0.10185372108639436
2016-02-25,ai_optimizedHW,0.180184331797235
2016-02-25,ai_optimizedHW,0.17523865023865026
2016-02-22,ai_optimizedHW,0.18550324675324675
2016-02-17,ai_optimizedHW,0.16116372053872052
2016-02-05,ai_optimizedHW,0.04621658828975902
2016-02-05,ai_optimizedHW,0.07661483253588518
2016-01-12,ai_optimizedHW,0.03225509058842392
2016-01-07,ai_optimizedHW,0.003289473684210529
2016-01-03,ai_optimizedHW,0.26026851526851524
2015-12-22,ai_optimizedHW,0.16302863802863804
2015-11-06,ai_optimizedHW,0.03843402973837756
2015-10-26,ai_optimizedHW,0.17761093073593073
2015-10-08,ai_optimizedHW,0.1739784946236559
2015-09-15,ai_optimizedHW,0.16042580982236154
2015-09-07,ai_optimizedHW,0.2691729323308271
2015-07-27,ai_optimizedHW,0.032756410256410254
2015-07-16,ai_optimizedHW,0.09271466238679357
2015-07-10,ai_optimizedHW,0.017331118493909194
2015-07-03,ai_optimizedHW,0.12270505050505051
2015-04-26,ai_optimizedHW,0.16464285714285715
2015-03-16,ai_optimizedHW,0.11724137931034483
2015-02-10,ai_optimizedHW,0.10257867132867128
2015-01-15,ai_optimizedHW,0.0846980255516841
2015-01-12,ai_optimizedHW,0.12779503105590068
2014-12-16,ai_optimizedHW,0.20496031746031748
2014-08-12,ai_optimizedHW,0.13051893392802483
2014-06-18,ai_optimizedHW,0.040523288439955105
2014-02-18,ai_optimizedHW,0.1459375
2014-01-31,ai_optimizedHW,0.08674309229864786
2014-01-26,ai_optimizedHW,0.18267857142857144
2013-10-20,ai_optimizedHW,0.21836363636363632
2017-11-20,ai_optimizedHW,0.07937677937677935
2017-11-13,ai_optimizedHW,0.1383058475915619
2017-11-13,ai_optimizedHW,0.15535282497183178
2017-11-10,ai_optimizedHW,0.12257950382950383
2017-11-01,ai_optimizedHW,0.13548950092053544
2017-10-30,ai_optimizedHW,0.12635732323232324
2017-10-26,ai_optimizedHW,0.10293894830659538
2017-10-18,ai_optimizedHW,0.04174125424125424
2017-10-13,ai_optimizedHW,0.1422331209693847
2017-10-11,ai_optimizedHW,0.09424803591470256
2017-10-09,ai_optimizedHW,0.07961432506887053
2017-09-29,ai_optimizedHW,0.14633387445887444
2017-09-25,ai_optimizedHW,0.11411883570974482
2017-09-13,ai_optimizedHW,0.1338778409090909
2017-09-08,ai_optimizedHW,0.07555437759519393
2017-08-31,ai_optimizedHW,0.13857983440507715
2017-08-30,ai_optimizedHW,0.17019034886681947
2017-08-11,ai_optimizedHW,0.06738388729914152
2017-08-09,ai_optimizedHW,0.06641991341991343
2017-08-08,ai_optimizedHW,0.11514887551472917
2017-08-01,ai_optimizedHW,0.08233104858104859
2017-07-25,ai_optimizedHW,0.1437111568299687
2017-07-21,ai_optimizedHW,0.06144411439624203
2017-07-19,ai_optimizedHW,0.05640782828282829
2017-07-17,ai_optimizedHW,0.030442620650953964
2017-07-14,ai_optimizedHW,0.20658413402315837
2017-07-13,ai_optimizedHW,0.1368062200956938
2017-07-10,ai_optimizedHW,-0.004849035145645307
2017-07-09,ai_optimizedHW,0.054271869271869264
2017-07-07,ai_optimizedHW,0.07049264971139971
2017-06-29,ai_optimizedHW,0.021415515701229987
2017-06-15,ai_optimizedHW,0.03648713158987132
2017-06-14,ai_optimizedHW,0.03902192065113413
2017-06-02,ai_optimizedHW,0.10140597650213035
2017-05-27,ai_optimizedHW,0.0684125740160223
2017-05-19,ai_optimizedHW,0.09654220779220776
2017-05-18,ai_optimizedHW,0.17162828194840385
2017-05-17,ai_optimizedHW,0.16502441773102927
2017-05-17,ai_optimizedHW,0.1458581349206349
2017-05-15,ai_optimizedHW,0.13033685064935063
2017-05-15,ai_optimizedHW,0.06730657221566312
2017-05-09,ai_optimizedHW,0.17477695069158486
2017-05-08,ai_optimizedHW,0.14893206065337214
2017-04-24,ai_optimizedHW,0.08999517692452477
2017-04-18,ai_optimizedHW,0.04638945424393187
2017-04-18,ai_optimizedHW,0.12575757575757576
2017-04-11,ai_optimizedHW,0.07058339808339809
2017-04-11,ai_optimizedHW,0.14598965848965853
2017-04-05,ai_optimizedHW,0.15386854657687987
2017-03-30,ai_optimizedHW,0.06948929448929449
2017-03-27,ai_optimizedHW,0.1208208610681139
2017-03-23,ai_optimizedHW,0.03744128212213318
2017-03-16,ai_optimizedHW,0.08703782556241571
2017-03-14,ai_optimizedHW,0.10357142857142858
2017-02-21,ai_optimizedHW,0.19613242728548858
2017-02-14,ai_optimizedHW,0.1276591997745844
2017-02-13,ai_optimizedHW,0.0022523310023310054
2017-02-13,ai_optimizedHW,0.06913536913536913
2017-02-10,ai_optimizedHW,0.09866689082223064
2017-02-07,ai_optimizedHW,0.06286656891495601
2017-02-03,ai_optimizedHW,0.14687012286526846
2017-02-01,ai_optimizedHW,0.08605285480285477
2017-01-31,ai_optimizedHW,0.08086675020885548
2017-01-24,ai_optimizedHW,0.10802562550443902
2017-01-13,ai_optimizedHW,0.11200737778481679
2016-12-20,ai_optimizedHW,0.09990400261676856
2016-12-21,ai_optimizedHW,0.08750140552088607
2016-12-16,ai_optimizedHW,0.0028719476771424824
2016-12-13,ai_optimizedHW,0.11962134301756945
2016-12-10,ai_optimizedHW,0.14808407738095244
2016-12-07,ai_optimizedHW,0.0960124915245397
2016-12-06,ai_optimizedHW,0.09055217831813578
2016-12-05,ai_optimizedHW,0.09150162337662338
2016-12-05,ai_optimizedHW,0.08419974747474746
2016-11-29,ai_optimizedHW,0.11755618810413328
2016-11-29,ai_optimizedHW,0.10335013245461006
2016-11-21,ai_optimizedHW,0.0871414002664003
2016-11-21,ai_optimizedHW,0.05475810738968633
2016-11-18,ai_optimizedHW,0.08967646851793191
2016-11-17,ai_optimizedHW,0.07189984955942404
2016-11-15,ai_optimizedHW,0.08992167708834377
2016-11-11,ai_optimizedHW,0.10772607022607023
2016-11-08,ai_optimizedHW,0.06287704719522903
2016-10-28,ai_optimizedHW,0.09215420332355817
2016-10-26,ai_optimizedHW,0.0897108843537415
2016-10-05,ai_optimizedHW,0.03943602693602693
2016-09-28,ai_optimizedHW,0.08920864489046308
2016-09-27,ai_optimizedHW,0.07108540326986929
2016-09-23,ai_optimizedHW,0.13790452602952605
2016-09-19,ai_optimizedHW,0.08218975468975467
2016-09-15,ai_optimizedHW,0.0338706491248864
2016-08-25,ai_optimizedHW,0.20463659147869667
2016-08-23,ai_optimizedHW,0.02742227469500198
2016-08-02,ai_optimizedHW,0.11224448128703447
2016-06-29,ai_optimizedHW,0.07124961095549333
2016-06-21,ai_optimizedHW,0.043938078703703705
2016-06-14,ai_optimizedHW,0.10046800046800047
2016-06-02,ai_optimizedHW,0.11109281217976863
2016-05-30,ai_optimizedHW,0.07946428571428571
2016-05-18,ai_optimizedHW,0.14545454545454542
2016-05-18,ai_optimizedHW,0.12478500316629809
2016-05-12,ai_optimizedHW,0.1311675744637527
2016-05-06,ai_optimizedHW,0.16230427056873342
2016-04-27,ai_optimizedHW,0.11144943363693366
2016-03-25,ai_optimizedHW,0.07771514200085629
2016-03-24,ai_optimizedHW,0.08535550937680766
2016-03-23,ai_optimizedHW,0.06874160322436185
2016-03-15,ai_optimizedHW,0.018390638053466985
2016-03-14,ai_optimizedHW,0.07043177308802305
2016-03-13,ai_optimizedHW,0.036905803877891254
2016-03-12,ai_optimizedHW,0.06116206280491993
2016-03-11,ai_optimizedHW,0.14499231950844862
2016-03-10,ai_optimizedHW,0.03714473870356218
2016-03-09,ai_optimizedHW,0.0720489604292421
2016-03-09,ai_optimizedHW,0.1324546838245469
2016-03-09,ai_optimizedHW,0.04209309967506687
2016-03-08,ai_optimizedHW,0.08924235099362003
2016-02-24,ai_optimizedHW,0.10087999432261728
2016-02-22,ai_optimizedHW,0.08790290119237489
