2017-11-23,works,0.13535353535353536
2017-11-23,platform,0.13535353535353536
2017-11-23,launches,0.13535353535353536
2017-11-23,customisable,0.13535353535353536
2017-11-23,content,0.13535353535353536
2017-11-23,user,0.13535353535353536
2017-11-23,months,0.13535353535353536
2017-11-23,newsroom,0.13535353535353536
2017-11-23,ai,0.13535353535353536
2017-11-23,help,0.13535353535353536
2017-11-23,newsfeed,0.13535353535353536
2017-11-23,publishers,0.13535353535353536
2017-11-23,users,0.13535353535353536
2017-11-21,platform,0.07181818181818182
2017-11-21,million,0.07181818181818182
2017-11-21,logzio,0.07181818181818182
2017-11-21,company,0.07181818181818182
2017-11-21,arterys,0.07181818181818182
2017-11-21,insights,0.07181818181818182
2017-11-21,data,0.07181818181818182
2017-11-21,value,0.07181818181818182
2017-11-21,funding,0.07181818181818182
2017-11-21,application,0.07181818181818182
2017-11-21,30,0.07181818181818182
2017-11-21,ventures,0.07181818181818182
2017-11-21,imaging,0.07181818181818182
2017-11-21,b,0.07181818181818182
2017-11-21,analytics,0.07181818181818182
2017-11-21,secures,0.07181818181818182
2017-11-21,closes,0.07181818181818182
2017-11-21,series,0.07181818181818182
2017-11-21,c,0.07181818181818182
2017-11-20,uk,0.11069214876033057
2017-11-20,future,0.11069214876033057
2017-11-20,million,0.11069214876033057
2017-11-20,including,0.11069214876033057
2017-11-20,ai,0.11069214876033057
2017-11-20,help,0.11069214876033057
2017-11-20,iot,0.11069214876033057
2017-11-20,budget,0.11069214876033057
2017-11-20,boost,0.11069214876033057
2017-11-20,digital,0.11069214876033057
2017-11-20,driverless,0.11069214876033057
2017-11-20,industries,0.11069214876033057
2017-11-20,funding,0.11069214876033057
2017-11-20,support,0.11069214876033057
2017-11-20,cars,0.11069214876033057
2017-11-17,trusted,0.09297520661157024
2017-11-17,z,0.09297520661157024
2017-11-17,data,0.09297520661157024
2017-11-17,software,0.09297520661157024
2017-11-17,gets,0.09297520661157024
2017-11-17,dynamic,0.09297520661157024
2017-11-17,mainframe,0.09297520661157024
2017-11-17,ai,0.09297520661157024
2017-11-17,ca,0.09297520661157024
2017-11-17,intelligence,0.09297520661157024
2017-11-17,security,0.09297520661157024
2017-11-17,raven,0.09297520661157024
2017-11-17,game,0.09297520661157024
2017-11-17,technologies,0.09297520661157024
2017-11-17,manager,0.09297520661157024
2017-11-14,hypertension,0.11469444444444446
2017-11-14,conditions,0.11469444444444446
2017-11-14,sleep,0.11469444444444446
2017-11-14,heart,0.11469444444444446
2017-11-14,deepheart,0.11469444444444446
2017-11-14,ai,0.11469444444444446
2017-11-14,target,0.11469444444444446
2017-11-14,cardiogram,0.11469444444444446
2017-11-14,wearables,0.11469444444444446
2017-11-14,diabetes,0.11469444444444446
2017-11-14,uses,0.11469444444444446
2017-11-14,consumer,0.11469444444444446
2017-11-14,detect,0.11469444444444446
2017-11-14,apnea,0.11469444444444446
2017-11-14,machines,0.1993350635340927
2017-11-14,future,0.1993350635340927
2017-11-14,concerns,0.1993350635340927
2017-11-14,human,0.1993350635340927
2017-11-14,shaping,0.1993350635340927
2017-11-14,data,0.1993350635340927
2017-11-14,way,0.1993350635340927
2017-11-14,intelligence,0.1993350635340927
2017-11-14,ai,0.1993350635340927
2017-11-14,robots,0.1993350635340927
2017-11-14,precision,0.1993350635340927
2017-11-14,vehicles,0.1993350635340927
2017-11-14,ways,0.1993350635340927
2017-11-14,artificial,0.1993350635340927
2017-11-13,deep,0.06402977139819244
2017-11-13,supercomputer,0.06402977139819244
2017-11-13,technologies,0.06402977139819244
2017-11-13,launches,0.06402977139819244
2017-11-13,software,0.06402977139819244
2017-11-13,products,0.06402977139819244
2017-11-13,learning,0.06402977139819244
2017-11-13,ai,0.06402977139819244
2017-11-13,systems,0.06402977139819244
2017-11-13,advance,0.06402977139819244
2017-11-13,cray,0.06402977139819244
2017-11-13,accelerate,0.06402977139819244
2017-11-13,uk,0.21559011164274325
2017-11-13,dedicated,0.21559011164274325
2017-11-13,nvidia,0.21559011164274325
2017-11-13,graphcore,0.21559011164274325
2017-11-13,chips,0.21559011164274325
2017-11-13,worlds,0.21559011164274325
2017-11-13,ai,0.21559011164274325
2017-11-13,round,0.21559011164274325
2017-11-13,previous,0.21559011164274325
2017-11-13,valley,0.21559011164274325
2017-11-13,silicon,0.21559011164274325
2017-11-13,chipmaker,0.21559011164274325
2017-11-13,funding,0.21559011164274325
2017-11-13,raises,0.21559011164274325
2017-11-13,millions,0.21559011164274325
2017-11-13,investor,0.21559011164274325
2017-11-13,smartphones,0.21559011164274325
2017-11-09,services,0.050388500388500394
2017-11-09,platforms,0.050388500388500394
2017-11-09,deep,0.050388500388500394
2017-11-09,hpe,0.050388500388500394
2017-11-09,adds,0.050388500388500394
2017-11-09,software,0.050388500388500394
2017-11-09,superdome,0.050388500388500394
2017-11-09,learning,0.050388500388500394
2017-11-09,research,0.050388500388500394
2017-11-09,intelligence,0.050388500388500394
2017-11-09,ai,0.050388500388500394
2017-11-09,ease,0.050388500388500394
2017-11-09,artificial,0.050388500388500394
2017-11-09,customers,0.050388500388500394
2017-11-09,set,0.050388500388500394
2017-11-09,adoption,0.050388500388500394
2017-11-07,militarisation,0.05638447971781306
2017-11-07,letter,0.05638447971781306
2017-11-07,robotics,0.05638447971781306
2017-11-07,stand,0.05638447971781306
2017-11-07,global,0.05638447971781306
2017-11-07,ai,0.05638447971781306
2017-11-07,systems,0.05638447971781306
2017-11-07,potential,0.05638447971781306
2017-11-07,nuclear,0.05638447971781306
2017-11-07,researchers,0.05638447971781306
2017-11-07,weapons,0.05638447971781306
2017-11-07,open,0.05638447971781306
2017-11-06,free,0.08924141160983268
2017-11-06,hand,0.08924141160983268
2017-11-06,247,0.08924141160983268
2017-11-06,nhs,0.08924141160983268
2017-11-06,healthcare,0.08924141160983268
2017-11-06,service,0.08924141160983268
2017-11-06,waiting,0.08924141160983268
2017-11-06,gp,0.08924141160983268
2017-11-06,worlds,0.08924141160983268
2017-11-06,patient,0.08924141160983268
2017-11-06,ai,0.08924141160983268
2017-11-06,patients,0.08924141160983268
2017-11-06,available,0.08924141160983268
2017-11-06,gps,0.08924141160983268
2017-11-06,enables,0.08924141160983268
2017-11-01,brain,0.11207272056109267
2017-11-01,talent,0.11207272056109267
2017-11-01,wasnt,0.11207272056109267
2017-11-01,salaries,0.11207272056109267
2017-11-01,drain,0.11207272056109267
2017-11-01,pay,0.11207272056109267
2017-11-01,turning,0.11207272056109267
2017-11-01,ai,0.11207272056109267
2017-11-01,scientists,0.11207272056109267
2017-11-01,best,0.11207272056109267
2017-11-01,losing,0.11207272056109267
2017-11-01,universities,0.11207272056109267
2017-11-01,companies,0.11207272056109267
2017-11-01,deep,0.15437710437710436
2017-11-01,processing,0.15437710437710436
2017-11-01,nvidia,0.15437710437710436
2017-11-01,institute,0.15437710437710436
2017-11-01,selfdriving,0.15437710437710436
2017-11-01,applications,0.15437710437710436
2017-11-01,learning,0.15437710437710436
2017-11-01,training,0.15437710437710436
2017-11-01,ai,0.15437710437710436
2017-11-01,students,0.15437710437710436
2017-11-01,dli,0.15437710437710436
2017-11-01,expanding,0.15437710437710436
2017-11-01,offerings,0.15437710437710436
2017-11-01,expands,0.15437710437710436
2017-10-31,makes,0.13588935574229694
2017-10-31,platform,0.13588935574229694
2017-10-31,foundation,0.13588935574229694
2017-10-31,community,0.13588935574229694
2017-10-31,apps,0.13588935574229694
2017-10-31,att,0.13588935574229694
2017-10-31,deploy,0.13588935574229694
2017-10-31,ai,0.13588935574229694
2017-10-31,linux,0.13588935574229694
2017-10-31,easier,0.13588935574229694
2017-10-31,development,0.13588935574229694
2017-10-31,source,0.13588935574229694
2017-10-31,acumos,0.13588935574229694
2017-10-31,open,0.13588935574229694
2017-10-31,bm1680,0.03643578643578644
2017-10-31,system,0.03643578643578644
2017-10-31,launches,0.03643578643578644
2017-10-31,bitmain,0.03643578643578644
2017-10-31,applications,0.03643578643578644
2017-10-31,products,0.03643578643578644
2017-10-31,ai,0.03643578643578644
2017-10-31,intelligence,0.03643578643578644
2017-10-31,hardware,0.03643578643578644
2017-10-31,technologies,0.03643578643578644
2017-10-31,speed,0.03643578643578644
2017-10-31,artificial,0.03643578643578644
2017-10-31,business,0.03643578643578644
2017-10-31,pair,0.03643578643578644
2017-10-30,neural,0.22064678742310326
2017-10-30,dont,0.22064678742310326
2017-10-30,coming,0.22064678742310326
2017-10-30,ideas,0.22064678742310326
2017-10-30,joker,0.22064678742310326
2017-10-30,unique,0.22064678742310326
2017-10-30,ai,0.22064678742310326
2017-10-30,costumes,0.22064678742310326
2017-10-30,sexy,0.22064678742310326
2017-10-30,shane,0.22064678742310326
2017-10-30,halloween,0.22064678742310326
2017-10-30,network,0.22064678742310326
2017-10-30,let,0.22064678742310326
2017-10-30,costume,0.22064678742310326
2017-10-30,create,0.22064678742310326
2017-10-27,vicarious,-0.04508692365835223
2017-10-27,difficult,-0.04508692365835223
2017-10-27,test,-0.04508692365835223
2017-10-27,captchas,-0.04508692365835223
2017-10-27,captcha,-0.04508692365835223
2017-10-27,recaptcha,-0.04508692365835223
2017-10-27,ai,-0.04508692365835223
2017-10-27,beat,-0.04508692365835223
2017-10-27,weve,-0.04508692365835223
2017-10-27,google,-0.04508692365835223
2017-10-27,network,-0.04508692365835223
2017-10-27,pesky,-0.04508692365835223
2017-10-25,today,0.14049886621315194
2017-10-25,scale,0.14049886621315194
2017-10-25,employees,0.14049886621315194
2017-10-25,sixfigure,0.14049886621315194
2017-10-25,ai,0.14049886621315194
2017-10-25,engineers,0.14049886621315194
2017-10-25,single,0.14049886621315194
2017-10-25,train,0.14049886621315194
2017-10-25,teaching,0.14049886621315194
2017-10-25,skills,0.14049886621315194
2017-10-25,linkedin,0.14049886621315194
2017-10-25,used,0.14049886621315194
2017-10-24,personalisation,0.18330074942978167
2017-10-24,empower,0.18330074942978167
2017-10-24,social,0.18330074942978167
2017-10-24,future,0.18330074942978167
2017-10-24,customers,0.18330074942978167
2017-10-24,value,0.18330074942978167
2017-10-24,data,0.18330074942978167
2017-10-24,scale,0.18330074942978167
2017-10-24,customer,0.18330074942978167
2017-10-24,identity,0.18330074942978167
2017-10-24,ai,0.18330074942978167
2017-10-24,email,0.18330074942978167
2017-10-24,graph,0.18330074942978167
2017-10-24,wilma,0.18330074942978167
2017-10-24,brands,0.18330074942978167
2017-10-19,services,0.14724283652855086
2017-10-19,machine,0.14724283652855086
2017-10-19,bbcs,0.14724283652855086
2017-10-19,bbc,0.14724283652855086
2017-10-19,university,0.14724283652855086
2017-10-19,data,0.14724283652855086
2017-10-19,learning,0.14724283652855086
2017-10-19,ai,0.14724283652855086
2017-10-19,improve,0.14724283652855086
2017-10-19,audiences,0.14724283652855086
2017-10-19,remain,0.14724283652855086
2017-10-19,content,0.14724283652855086
2017-10-19,using,0.14724283652855086
2017-10-18,neural,0.1149104683195592
2017-10-18,facebook,0.1149104683195592
2017-10-18,helping,0.1149104683195592
2017-10-18,krzanich,0.1149104683195592
2017-10-18,company,0.1149104683195592
2017-10-18,data,0.1149104683195592
2017-10-18,chips,0.1149104683195592
2017-10-18,ai,0.1149104683195592
2017-10-18,nervana,0.1149104683195592
2017-10-18,intel,0.1149104683195592
2017-10-18,network,0.1149104683195592
2017-10-18,working,0.1149104683195592
2017-10-18,processor,0.1149104683195592
2017-10-17,counterpoint,0.12345987345987346
2017-10-17,dedicated,0.12345987345987346
2017-10-17,adoption,0.12345987345987346
2017-10-17,2020,0.12345987345987346
2017-10-17,chips,0.12345987345987346
2017-10-17,research,0.12345987345987346
2017-10-17,apple,0.12345987345987346
2017-10-17,ai,0.12345987345987346
2017-10-17,predictions,0.12345987345987346
2017-10-17,smartphone,0.12345987345987346
2017-10-17,feature,0.12345987345987346
2017-10-17,capabilities,0.12345987345987346
2017-10-17,smartphones,0.12345987345987346
2017-10-16,android,0.13377806515518384
2017-10-16,improvements,0.13377806515518384
2017-10-16,huawei,0.13377806515518384
2017-10-16,opinion,0.13377806515518384
2017-10-16,company,0.13377806515518384
2017-10-16,mate,0.13377806515518384
2017-10-16,possible,0.13377806515518384
2017-10-16,ai,0.13377806515518384
2017-10-16,shows,0.13377806515518384
2017-10-16,device,0.13377806515518384
2017-10-16,smartphone,0.13377806515518384
2017-10-16,battery,0.13377806515518384
2017-10-16,huaweis,0.13377806515518384
2017-10-16,whats,0.13377806515518384
2017-10-16,uk,0.11118247694334653
2017-10-16,supercharge,0.11118247694334653
2017-10-16,industrial,0.11118247694334653
2017-10-16,review,0.11118247694334653
2017-10-16,industry,0.11118247694334653
2017-10-16,ai,0.11118247694334653
2017-10-16,aims,0.11118247694334653
2017-10-16,intelligence,0.11118247694334653
2017-10-16,technology,0.11118247694334653
2017-10-16,strategy,0.11118247694334653
2017-10-16,sector,0.11118247694334653
2017-10-16,opportunity,0.11118247694334653
2017-10-13,makes,0.18132897803950437
2017-10-13,browns,0.18132897803950437
2017-10-13,brown,0.18132897803950437
2017-10-13,share,0.18132897803950437
2017-10-13,religions,0.18132897803950437
2017-10-13,religious,0.18132897803950437
2017-10-13,replace,0.18132897803950437
2017-10-13,gods,0.18132897803950437
2017-10-13,ai,0.18132897803950437
2017-10-13,provocative,0.18132897803950437
2017-10-13,traditional,0.18132897803950437
2017-10-13,claim,0.18132897803950437
2017-10-13,book,0.18132897803950437
2017-10-13,god,0.18132897803950437
2017-10-13,survive,0.18132897803950437
2017-10-13,author,0.18132897803950437
2017-10-13,suppliers,0.19015151515151515
2017-10-13,services,0.19015151515151515
2017-10-13,growth,0.19015151515151515
2017-10-13,acca,0.19015151515151515
2017-10-13,ai,0.19015151515151515
2017-10-13,market,0.19015151515151515
2017-10-13,chairman,0.19015151515151515
2017-10-13,trudel,0.19015151515151515
2017-10-13,fuel,0.19015151515151515
2017-10-13,saidtrudel,0.19015151515151515
2017-10-13,tensorflow,0.19015151515151515
2017-10-13,cloud,0.19015151515151515
2017-10-13,using,0.19015151515151515
2017-10-13,computing,0.19015151515151515
2017-10-12,war,0.008333333333333337
2017-10-12,bots,0.008333333333333337
2017-10-12,reach,0.008333333333333337
2017-10-12,cherrypi,0.008333333333333337
2017-10-12,ranked,0.008333333333333337
2017-10-12,ai,0.008333333333333337
2017-10-12,state,0.008333333333333337
2017-10-12,starcraft,0.008333333333333337
2017-10-12,tournament,0.008333333333333337
2017-10-12,sixth,0.008333333333333337
2017-10-12,facebooks,0.008333333333333337
2017-10-11,pornhubs,0.07528093434343437
2017-10-11,videos,0.07528093434343437
2017-10-11,wasted,0.07528093434343437
2017-10-11,opinion,0.07528093434343437
2017-10-11,human,0.07528093434343437
2017-10-11,willing,0.07528093434343437
2017-10-11,ai,0.07528093434343437
2017-10-11,help,0.07528093434343437
2017-10-11,technology,0.07528093434343437
2017-10-11,remove,0.07528093434343437
2017-10-11,adult,0.07528093434343437
2017-10-11,terrorist,0.07528093434343437
2017-10-11,content,0.07528093434343437
2017-10-11,identify,0.07528093434343437
2017-10-10,pegasus,0.277627840909091
2017-10-10,supercomputer,0.277627840909091
2017-10-10,px,0.277627840909091
2017-10-10,nvidia,0.277627840909091
2017-10-10,drive,0.277627840909091
2017-10-10,selfdriving,0.277627840909091
2017-10-10,unveils,0.277627840909091
2017-10-10,vehicles,0.277627840909091
2017-10-10,aipowered,0.277627840909091
2017-10-10,autonomous,0.277627840909091
2017-10-10,fully,0.277627840909091
2017-10-10,robotaxis,0.277627840909091
2017-10-10,cars,0.277627840909091
2017-10-10,vehicle,0.277627840909091
2017-10-06,blockchain,0.1022943722943723
2017-10-06,company,0.1022943722943723
2017-10-06,enhance,0.1022943722943723
2017-10-06,point,0.1022943722943723
2017-10-06,data,0.1022943722943723
2017-10-06,datametrex,0.1022943722943723
2017-10-06,ai,0.1022943722943723
2017-10-06,sale,0.1022943722943723
2017-10-06,aims,0.1022943722943723
2017-10-06,technology,0.1022943722943723
2017-10-06,intelligence,0.1022943722943723
2017-10-06,pos,0.1022943722943723
2017-10-06,combine,0.1022943722943723
2017-10-06,business,0.1022943722943723
2017-10-06,datatap,0.1022943722943723
2017-10-06,information,0.1022943722943723
2017-10-06,held,0.11313604428358526
2017-10-06,marketing,0.11313604428358526
2017-10-06,consumers,0.11313604428358526
2017-10-06,believe,0.11313604428358526
2017-10-06,human,0.11313604428358526
2017-10-06,robot,0.11313604428358526
2017-10-06,respondents,0.11313604428358526
2017-10-06,ai,0.11313604428358526
2017-10-06,study,0.11313604428358526
2017-10-06,law,0.11313604428358526
2017-10-06,blade,0.11313604428358526
2017-10-06,runner,0.11313604428358526
2017-10-06,ais,0.11313604428358526
2017-10-06,harm,0.11313604428358526
2017-10-06,used,0.11313604428358526
2017-10-06,questions,0.14856459330143543
2017-10-06,platform,0.14856459330143543
2017-10-06,million,0.14856459330143543
2017-10-06,europe,0.14856459330143543
2017-10-06,expo,0.14856459330143543
2017-10-06,ecommerce,0.14856459330143543
2017-10-06,support,0.14856459330143543
2017-10-06,key,0.14856459330143543
2017-10-06,ip,0.14856459330143543
2017-10-06,technologies,0.14856459330143543
2017-10-06,funding,0.14856459330143543
2017-10-06,conversionpoint,0.14856459330143543
2017-10-06,aienabled,0.14856459330143543
2017-10-06,raises,0.14856459330143543
2017-10-05,otto,0.08364274614274615
2017-10-05,franks,0.08364274614274615
2017-10-05,anne,0.08364274614274615
2017-10-05,mystery,0.08364274614274615
2017-10-05,wilhelm,0.08364274614274615
2017-10-05,data,0.08364274614274615
2017-10-05,betrayed,0.08364274614274615
2017-10-05,betrayal,0.08364274614274615
2017-10-05,ai,0.08364274614274615
2017-10-05,solve,0.08364274614274615
2017-10-05,van,0.08364274614274615
2017-10-05,xomnia,0.08364274614274615
2017-10-05,able,0.08364274614274615
2017-10-05,investigation,0.08364274614274615
2017-10-05,investigators,0.08364274614274615
2017-10-05,using,0.08364274614274615
2017-10-04,baidu,0.08567588325652843
2017-10-04,siris,0.08567588325652843
2017-10-04,beaten,0.08567588325652843
2017-10-04,bing,0.08567588325652843
2017-10-04,test,0.08567588325652843
2017-10-04,sixyearold,0.08567588325652843
2017-10-04,ai,0.08567588325652843
2017-10-04,iq,0.08567588325652843
2017-10-04,googles,0.08567588325652843
2017-10-04,result,0.08567588325652843
2017-10-04,study,0.08567588325652843
2017-10-04,results,0.08567588325652843
2017-10-04,google,0.08567588325652843
2017-10-04,higher,0.08567588325652843
2017-10-04,siri,0.08567588325652843
2017-10-04,significantly,0.08567588325652843
2017-10-04,ais,0.08567588325652843
2017-10-04,score,0.08567588325652843
2017-09-28,virtual,0.1361142266824085
2017-09-28,dragon,0.1361142266824085
2017-09-28,nuance,0.1361142266824085
2017-09-28,providers,0.1361142266824085
2017-09-28,assistant,0.1361142266824085
2017-09-28,launches,0.1361142266824085
2017-09-28,medical,0.1361142266824085
2017-09-28,healthcare,0.1361142266824085
2017-09-28,technology,0.1361142266824085
2017-09-28,solution,0.1361142266824085
2017-09-28,aipowered,0.1361142266824085
2017-09-28,workflows,0.1361142266824085
2017-09-28,clinicians,0.1361142266824085
2017-09-26,dedicated,0.18535565741448093
2017-09-26,mobile,0.18535565741448093
2017-09-26,gaming,0.18535565741448093
2017-09-26,chip,0.18535565741448093
2017-09-26,nvidia,0.18535565741448093
2017-09-26,processing,0.18535565741448093
2017-09-26,chips,0.18535565741448093
2017-09-26,industry,0.18535565741448093
2017-09-26,ai,0.18535565741448093
2017-09-26,invasion,0.18535565741448093
2017-09-26,revenue,0.18535565741448093
2017-09-26,nigh,0.18535565741448093
2017-09-26,editorial,0.18535565741448093
2017-09-19,traffic,0.06299544611232924
2017-09-19,day,0.06299544611232924
2017-09-19,employees,0.06299544611232924
2017-09-19,staff,0.06299544611232924
2017-09-19,ai,0.06299544611232924
2017-09-19,systems,0.06299544611232924
2017-09-19,technology,0.06299544611232924
2017-09-19,businesses,0.06299544611232924
2017-09-19,solutions,0.06299544611232924
2017-09-19,cases,0.06299544611232924
2017-09-19,intelligence,0.06299544611232924
2017-09-19,artificial,0.06299544611232924
2017-09-19,business,0.06299544611232924
2017-09-19,used,0.06299544611232924
2017-09-15,multiple,0.17385947385947384
2017-09-15,measures,0.17385947385947384
2017-09-15,platform,0.17385947385947384
2017-09-15,communication,0.17385947385947384
2017-09-15,english,0.17385947385947384
2017-09-15,affectivas,0.17385947385947384
2017-09-15,emotion,0.17385947385947384
2017-09-15,emotions,0.17385947385947384
2017-09-15,expressions,0.17385947385947384
2017-09-15,technology,0.17385947385947384
2017-09-15,facial,0.17385947385947384
2017-09-15,speech,0.17385947385947384
2017-09-15,existing,0.17385947385947384
2017-09-15,cloudbased,0.17385947385947384
2017-09-15,users,0.17385947385947384
2017-09-15,channels,0.17385947385947384
2017-09-15,api,0.17385947385947384
2017-09-13,medicine,0.1466360028860029
2017-09-13,genomic,0.1466360028860029
2017-09-13,million,0.1466360028860029
2017-09-13,company,0.1466360028860029
2017-09-13,sophia,0.1466360028860029
2017-09-13,healthcare,0.1466360028860029
2017-09-13,cancerdiagnosing,0.1466360028860029
2017-09-13,patient,0.1466360028860029
2017-09-13,diagnose,0.1466360028860029
2017-09-13,ai,0.1466360028860029
2017-09-13,genetics,0.1466360028860029
2017-09-13,help,0.1466360028860029
2017-09-13,30,0.1466360028860029
2017-09-13,patients,0.1466360028860029
2017-09-13,london,0.1466360028860029
2017-09-13,raises,0.1466360028860029
2017-09-13,investor,0.1466360028860029
2017-09-08,humans,0.15360517618582128
2017-09-08,roles,0.15360517618582128
2017-09-08,despite,0.15360517618582128
2017-09-08,opinion,0.15360517618582128
2017-09-08,jobs,0.15360517618582128
2017-09-08,report,0.15360517618582128
2017-09-08,value,0.15360517618582128
2017-09-08,research,0.15360517618582128
2017-09-08,ai,0.15360517618582128
2017-09-08,firms,0.15360517618582128
2017-09-08,creating,0.15360517618582128
2017-09-08,organisations,0.15360517618582128
2017-09-08,popular,0.15360517618582128
2017-09-08,think,0.15360517618582128
2017-09-08,visitors,0.11406250000000001
2017-09-08,uberflip,0.11406250000000001
2017-09-08,language,0.11406250000000001
2017-09-08,marketing,0.11406250000000001
2017-09-08,engine,0.11406250000000001
2017-09-08,marketers,0.11406250000000001
2017-09-08,visitor,0.11406250000000001
2017-09-08,ai,0.11406250000000001
2017-09-08,recommendation,0.11406250000000001
2017-09-08,intent,0.11406250000000001
2017-09-08,recommendations,0.11406250000000001
2017-09-08,content,0.11406250000000001
2017-09-08,leverages,0.11406250000000001
2017-09-07,system,0.10832756132756133
2017-09-07,governments,0.10832756132756133
2017-09-07,recognise,0.10832756132756133
2017-09-07,ai,0.10832756132756133
2017-09-07,identifies,0.10832756132756133
2017-09-07,technology,0.10832756132756133
2017-09-07,theyre,0.10832756132756133
2017-09-07,protesters,0.10832756132756133
2017-09-07,wearing,0.10832756132756133
2017-09-07,paper,0.10832756132756133
2017-09-07,identify,0.10832756132756133
2017-09-07,images,0.10832756132756133
2017-09-07,disguised,0.10832756132756133
2017-09-06,language,0.2110750360750361
2017-09-06,processing,0.2110750360750361
2017-09-06,opinion,0.2110750360750361
2017-09-06,understanding,0.2110750360750361
2017-09-06,learning,0.2110750360750361
2017-09-06,products,0.2110750360750361
2017-09-06,way,0.2110750360750361
2017-09-06,intelligence,0.2110750360750361
2017-09-06,ai,0.2110750360750361
2017-09-06,technology,0.2110750360750361
2017-09-06,science,0.2110750360750361
2017-09-06,need,0.2110750360750361
2017-09-06,artificial,0.2110750360750361
2017-09-05,makes,0.1303448275862069
2017-09-05,team,0.1303448275862069
2017-09-05,qualities,0.1303448275862069
2017-09-05,aspires,0.1303448275862069
2017-09-05,human,0.1303448275862069
2017-09-05,prowlerio,0.1303448275862069
2017-09-05,cuban,0.1303448275862069
2017-09-05,learning,0.1303448275862069
2017-09-05,taking,0.1303448275862069
2017-09-05,build,0.1303448275862069
2017-09-05,ai,0.1303448275862069
2017-09-05,humanlike,0.1303448275862069
2017-09-05,decisionmaking,0.1303448275862069
2017-09-05,prowler,0.1303448275862069
2017-09-05,decisions,0.1303448275862069
2017-09-04,virtual,0.10838383838383837
2017-09-04,zimmermann,0.10838383838383837
2017-09-04,services,0.10838383838383837
2017-09-04,gartner,0.10838383838383837
2017-09-04,vp,0.10838383838383837
2017-09-04,vpas,0.10838383838383837
2017-09-04,service,0.10838383838383837
2017-09-04,data,0.10838383838383837
2017-09-04,training,0.10838383838383837
2017-09-04,research,0.10838383838383837
2017-09-04,products,0.10838383838383837
2017-09-04,shared,0.10838383838383837
2017-09-04,assistants,0.10838383838383837
2017-09-04,ai,0.10838383838383837
2017-09-04,personal,0.10838383838383837
2017-09-04,quickly,0.10838383838383837
2017-09-04,evolve,0.10838383838383837
2017-09-04,warns,0.07540322580645159
2017-09-04,world,0.07540322580645159
2017-09-04,begins,0.07540322580645159
2017-09-04,nation,0.07540322580645159
2017-09-04,rules,0.07540322580645159
2017-09-04,russia,0.07540322580645159
2017-09-04,putin,0.07540322580645159
2017-09-04,claims,0.07540322580645159
2017-09-04,threat,0.07540322580645159
2017-09-04,ai,0.07540322580645159
2017-09-04,musk,0.07540322580645159
2017-09-04,worldmusk,0.07540322580645159
2017-09-04,aileading,0.07540322580645159
2017-09-04,rt,0.07540322580645159
2017-09-04,openai,0.07540322580645159
2017-09-04,ruler,0.07540322580645159
2017-09-04,development,0.07540322580645159
2017-09-01,sachs,0.0389030612244898
2017-09-01,seen,0.0389030612244898
2017-09-01,trillion,0.0389030612244898
2017-09-01,chinese,0.0389030612244898
2017-09-01,goldman,0.0389030612244898
2017-09-01,value,0.0389030612244898
2017-09-01,china,0.0389030612244898
2017-09-01,ai,0.0389030612244898
2017-09-01,chinas,0.0389030612244898
2017-09-01,catching,0.0389030612244898
2017-09-01,development,0.0389030612244898
2017-08-31,uk,0.07789308905380335
2017-08-31,healthfocused,0.07789308905380335
2017-08-31,nhs,0.07789308905380335
2017-08-31,data,0.07789308905380335
2017-08-31,priority,0.07789308905380335
2017-08-31,patient,0.07789308905380335
2017-08-31,clear,0.07789308905380335
2017-08-31,ai,0.07789308905380335
2017-08-31,patients,0.07789308905380335
2017-08-31,strategic,0.07789308905380335
2017-08-31,health,0.07789308905380335
2017-08-31,ais,0.07789308905380335
2017-08-31,deepmind,0.07789308905380335
2017-08-30,university,0.15471380471380472
2017-08-30,treatment,0.15471380471380472
2017-08-30,conditions,0.15471380471380472
2017-08-30,disease,0.15471380471380472
2017-08-30,research,0.15471380471380472
2017-08-30,diagnose,0.15471380471380472
2017-08-30,ai,0.15471380471380472
2017-08-30,schizophrenia,0.15471380471380472
2017-08-30,alzheimers,0.15471380471380472
2017-08-30,scans,0.15471380471380472
2017-08-30,predict,0.15471380471380472
2017-08-30,network,0.15471380471380472
2017-08-30,onset,0.15471380471380472
2017-08-23,fortifies,0.075
2017-08-23,outlines,0.075
2017-08-23,machine,0.075
2017-08-23,future,0.075
2017-08-23,university,0.075
2017-08-23,qualcomm,0.075
2017-08-23,vision,0.075
2017-08-23,learning,0.075
2017-08-23,research,0.075
2017-08-23,ai,0.075
2017-08-23,technologies,0.075
2017-08-23,scyfer,0.075
2017-08-23,network,0.075
2017-08-23,acquisition,0.075
2017-08-21,natural,0.13545454545454547
2017-08-21,language,0.13545454545454547
2017-08-21,processing,0.13545454545454547
2017-08-21,2025,0.13545454545454547
2017-08-21,report,0.13545454545454547
2017-08-21,data,0.13545454545454547
2017-08-21,mature,0.13545454545454547
2017-08-21,nlp,0.13545454545454547
2017-08-21,break,0.13545454545454547
2017-08-21,technology,0.13545454545454547
2017-08-21,22bn,0.13545454545454547
2017-08-21,tractica,0.13545454545454547
2017-08-21,market,0.13545454545454547
2017-08-16,uk,0.13169449598021027
2017-08-16,chatbot,0.13169449598021027
2017-08-16,assistant,0.13169449598021027
2017-08-16,reaches,0.13169449598021027
2017-08-16,messenger,0.13169449598021027
2017-08-16,m,0.13169449598021027
2017-08-16,prompt,0.13169449598021027
2017-08-16,theyre,0.13169449598021027
2017-08-16,aidriven,0.13169449598021027
2017-08-16,send,0.13169449598021027
2017-08-16,plans,0.13169449598021027
2017-08-16,facebooks,0.13169449598021027
2017-08-16,users,0.13169449598021027
2017-08-15,machine,0.09215367965367968
2017-08-15,using,0.09215367965367968
2017-08-15,process,0.09215367965367968
2017-08-15,company,0.09215367965367968
2017-08-15,stanford,0.09215367965367968
2017-08-15,projects,0.09215367965367968
2017-08-15,scale,0.09215367965367968
2017-08-15,learning,0.09215367965367968
2017-08-15,diabetic,0.09215367965367968
2017-08-15,technology,0.09215367965367968
2017-08-15,infrastructure,0.09215367965367968
2017-08-15,hosted,0.09215367965367968
2017-08-15,aws,0.09215367965367968
2017-08-15,look,0.09215367965367968
2017-08-15,technologies,0.1467099567099567
2017-08-15,enterprise,0.1467099567099567
2017-08-15,industrial,0.1467099567099567
2017-08-15,jobs,0.1467099567099567
2017-08-15,changing,0.1467099567099567
2017-08-15,automation,0.1467099567099567
2017-08-15,ai,0.1467099567099567
2017-08-15,businesses,0.1467099567099567
2017-08-15,lives,0.1467099567099567
2017-08-15,australian,0.1467099567099567
2017-08-15,professionals,0.1467099567099567
2017-08-15,technology,0.1467099567099567
2017-08-15,role,0.1467099567099567
2017-08-15,play,0.1467099567099567
2017-08-15,mull,0.1467099567099567
2017-08-15,scenario,0.1467099567099567
2017-08-15,adoption,0.1467099567099567
2017-08-14,puny,0.1639484126984127
2017-08-14,players,0.1639484126984127
2017-08-14,beats,0.1639484126984127
2017-08-14,try,0.1639484126984127
2017-08-14,human,0.1639484126984127
2017-08-14,learn,0.1639484126984127
2017-08-14,dota,0.1639484126984127
2017-08-14,ai,0.1639484126984127
2017-08-14,beat,0.1639484126984127
2017-08-14,means,0.1639484126984127
2017-08-14,best,0.1639484126984127
2017-08-14,openai,0.1639484126984127
2017-08-11,uk,0.00681818181818182
2017-08-11,timings,0.00681818181818182
2017-08-11,system,0.00681818181818182
2017-08-11,mccluskey,0.00681818181818182
2017-08-11,simplifai,0.00681818181818182
2017-08-11,traffic,0.00681818181818182
2017-08-11,lights,0.00681818181818182
2017-08-11,quickly,0.00681818181818182
2017-08-11,study,0.00681818181818182
2017-08-11,ai,0.00681818181818182
2017-08-11,flowing,0.00681818181818182
2017-08-11,periods,0.00681818181818182
2017-08-11,keeps,0.00681818181818182
2017-08-11,busy,0.00681818181818182
2017-08-09,networks,0.13248782467532466
2017-08-09,deep,0.13248782467532466
2017-08-09,online,0.13248782467532466
2017-08-09,ngs,0.13248782467532466
2017-08-09,andrew,0.13248782467532466
2017-08-09,future,0.13248782467532466
2017-08-09,launches,0.13248782467532466
2017-08-09,course,0.13248782467532466
2017-08-09,guru,0.13248782467532466
2017-08-09,learning,0.13248782467532466
2017-08-09,ai,0.13248782467532466
2017-08-09,students,0.13248782467532466
2017-08-09,skills,0.13248782467532466
2017-08-09,specialization,0.13248782467532466
2017-08-08,deep,0.13840407559919754
2017-08-08,servers,0.13840407559919754
2017-08-08,data,0.13840407559919754
2017-08-08,learning,0.13840407559919754
2017-08-08,record,0.13840407559919754
2017-08-08,claims,0.13840407559919754
2017-08-08,ai,0.13840407559919754
2017-08-08,advancement,0.13840407559919754
2017-08-08,records,0.13840407559919754
2017-08-08,processors,0.13840407559919754
2017-08-08,breaks,0.13840407559919754
2017-08-08,ibm,0.13840407559919754
2017-08-08,achieved,0.13840407559919754
2017-08-07,deep,0.06503906662443248
2017-08-07,waves,0.06503906662443248
2017-08-07,mit,0.06503906662443248
2017-08-07,signals,0.06503906662443248
2017-08-07,sleep,0.06503906662443248
2017-08-07,diagnose,0.06503906662443248
2017-08-07,ai,0.06503906662443248
2017-08-07,problems,0.06503906662443248
2017-08-07,radio,0.06503906662443248
2017-08-07,monitor,0.06503906662443248
2017-08-07,uses,0.06503906662443248
2017-08-07,health,0.06503906662443248
2017-08-07,researchers,0.06503906662443248
2017-08-07,used,0.06503906662443248
2017-08-07,disorders,0.06503906662443248
2017-08-04,microsoft,0.09770861322585458
2017-08-04,considers,0.09770861322585458
2017-08-04,company,0.09770861322585458
2017-08-04,opinion,0.09770861322585458
2017-08-04,xbox,0.09770861322585458
2017-08-04,race,0.09770861322585458
2017-08-04,priority,0.09770861322585458
2017-08-04,work,0.09770861322585458
2017-08-04,research,0.09770861322585458
2017-08-04,ai,0.09770861322585458
2017-08-04,google,0.09770861322585458
2017-08-04,artificial,0.09770861322585458
2017-08-04,set,0.09770861322585458
2017-08-03,virtual,0.22005012531328322
2017-08-03,acquires,0.22005012531328322
2017-08-03,chatbot,0.22005012531328322
2017-08-03,nanorep,0.22005012531328322
2017-08-03,technologies,0.22005012531328322
2017-08-03,service,0.22005012531328322
2017-08-03,customer,0.22005012531328322
2017-08-03,ai,0.22005012531328322
2017-08-03,offering,0.22005012531328322
2017-08-03,technology,0.22005012531328322
2017-08-03,improve,0.22005012531328322
2017-08-03,engagement,0.22005012531328322
2017-08-03,support,0.22005012531328322
2017-08-03,wagner,0.22005012531328322
2017-08-03,logmein,0.22005012531328322
2017-08-03,provider,0.22005012531328322
2017-08-03,machine,0.09806074684123464
2017-08-03,videos,0.09806074684123464
2017-08-03,violent,0.09806074684123464
2017-08-03,youtube,0.09806074684123464
2017-08-03,extremism,0.09806074684123464
2017-08-03,learning,0.09806074684123464
2017-08-03,technology,0.09806074684123464
2017-08-03,wrote,0.09806074684123464
2017-08-03,fights,0.09806074684123464
2017-08-03,users,0.09806074684123464
2017-08-03,terrorism,0.09806074684123464
2017-08-03,content,0.09806074684123464
2017-08-03,extremist,0.09806074684123464
2017-08-02,unslowed,0.06332735247208932
2017-08-02,weaponised,0.06332735247208932
2017-08-02,advanced,0.06332735247208932
2017-08-02,experts,0.06332735247208932
2017-08-02,believe,0.06332735247208932
2017-08-02,web,0.06332735247208932
2017-08-02,cybersecurity,0.06332735247208932
2017-08-02,months,0.06332735247208932
2017-08-02,ai,0.06332735247208932
2017-08-02,threat,0.06332735247208932
2017-08-02,cyberattacks,0.06332735247208932
2017-08-02,dark,0.06332735247208932
2017-08-02,attacks,0.06332735247208932
2017-08-02,shutdowns,0.06332735247208932
2017-08-02,bring,0.23237595737595737
2017-08-02,company,0.23237595737595737
2017-08-02,latest,0.23237595737595737
2017-08-02,release,0.23237595737595737
2017-08-02,replace,0.23237595737595737
2017-08-02,optimistic,0.23237595737595737
2017-08-02,ai,0.23237595737595737
2017-08-02,aims,0.23237595737595737
2017-08-02,salespeople,0.23237595737595737
2017-08-02,launch,0.23237595737595737
2017-08-02,management,0.23237595737595737
2017-08-02,fore,0.23237595737595737
2017-08-02,salesforce,0.23237595737595737
2017-08-02,altify,0.23237595737595737
2017-08-02,provides,0.23237595737595737
2017-08-02,look,0.23237595737595737
2017-08-02,sales,0.23237595737595737
2017-08-02,growth,0.09808692990511171
2017-08-02,ineluctably,0.09808692990511171
2017-08-02,south,0.09808692990511171
2017-08-02,african,0.09808692990511171
2017-08-02,human,0.09808692990511171
2017-08-02,customer,0.09808692990511171
2017-08-02,modus,0.09808692990511171
2017-08-02,dynamics,0.09808692990511171
2017-08-02,report,0.09808692990511171
2017-08-02,work,0.09808692990511171
2017-08-02,ai,0.09808692990511171
2017-08-02,operandi,0.09808692990511171
2017-08-02,accenture,0.09808692990511171
2017-08-02,change,0.09808692990511171
2017-08-02,business,0.09808692990511171
2017-08-02,organisations,0.09808692990511171
2017-08-02,firms,0.09808692990511171
2017-08-02,responsible,0.09808692990511171
2017-08-01,noted,0.11103896103896105
2017-08-01,competitive,0.11103896103896105
2017-08-01,stay,0.11103896103896105
2017-08-01,noting,0.11103896103896105
2017-08-01,exploring,0.11103896103896105
2017-08-01,ai,0.11103896103896105
2017-08-01,help,0.11103896103896105
2017-08-01,businesses,0.11103896103896105
2017-08-01,iot,0.11103896103896105
2017-08-01,australian,0.11103896103896105
2017-08-01,technology,0.11103896103896105
2017-08-01,study,0.11103896103896105
2017-08-01,twothirds,0.11103896103896105
2017-08-01,organisations,0.11103896103896105
2017-08-01,telsyte,0.11103896103896105
2017-07-28,liulishuo,0.056666666666666664
2017-07-28,platform,0.056666666666666664
2017-07-28,system,0.056666666666666664
2017-07-28,million,0.056666666666666664
2017-07-28,develop,0.056666666666666664
2017-07-28,english,0.056666666666666664
2017-07-28,company,0.056666666666666664
2017-07-28,gets,0.056666666666666664
2017-07-28,capital,0.056666666666666664
2017-07-28,learning,0.056666666666666664
2017-07-28,funding,0.056666666666666664
2017-07-28,ai,0.056666666666666664
2017-07-28,ventures,0.056666666666666664
2017-07-28,smart,0.056666666666666664
2017-07-28,existing,0.056666666666666664
2017-07-28,teaching,0.056666666666666664
2017-07-28,users,0.056666666666666664
2017-07-28,series,0.056666666666666664
2017-07-28,kakao,0.056666666666666664
2017-07-28,mobile,0.09576883116883117
2017-07-28,machine,0.09576883116883117
2017-07-28,visual,0.09576883116883117
2017-07-28,launches,0.09576883116883117
2017-07-28,sdk,0.09576883116883117
2017-07-28,user,0.09576883116883117
2017-07-28,learning,0.09576883116883117
2017-07-28,ai,0.09576883116883117
2017-07-28,devices,0.09576883116883117
2017-07-28,help,0.09576883116883117
2017-07-28,clarifai,0.09576883116883117
2017-07-28,available,0.09576883116883117
2017-07-28,technology,0.09576883116883117
2017-07-28,learn,0.09576883116883117
2017-07-28,enables,0.09576883116883117
2017-07-10,suppliers,0.15732111026228673
2017-07-10,chatbot,0.15732111026228673
2017-07-10,platform,0.15732111026228673
2017-07-10,enterprise,0.15732111026228673
2017-07-10,terminal,0.15732111026228673
2017-07-10,launches,0.15732111026228673
2017-07-10,connect,0.15732111026228673
2017-07-10,agent,0.15732111026228673
2017-07-10,ai,0.15732111026228673
2017-07-10,expertise,0.15732111026228673
2017-07-10,provide,0.15732111026228673
2017-07-10,consumer,0.15732111026228673
2017-07-10,freshdesk,0.15732111026228673
2017-07-10,business,0.15732111026228673
2017-07-10,pwc,0.12023618538324422
2017-07-10,gains,0.12023618538324422
2017-07-10,trillion,0.12023618538324422
2017-07-10,america,0.12023618538324422
2017-07-10,china,0.12023618538324422
2017-07-10,product,0.12023618538324422
2017-07-10,ai,0.12023618538324422
2017-07-10,help,0.12023618538324422
2017-07-10,economic,0.12023618538324422
2017-07-10,gdp,0.12023618538324422
2017-07-10,productivity,0.12023618538324422
2017-07-10,boost,0.12023618538324422
2017-07-10,157,0.12023618538324422
2017-07-10,2030,0.12023618538324422
2017-07-10,global,0.12023618538324422
2017-07-10,north,0.12023618538324422
2017-07-06,candidate,0.003571428571428575
2017-07-06,novel,0.003571428571428575
2017-07-06,partners,0.003571428571428575
2017-07-06,projects,0.003571428571428575
2017-07-06,gsk,0.003571428571428575
2017-07-06,ai,0.003571428571428575
2017-07-06,discovery,0.003571428571428575
2017-07-06,molecules,0.003571428571428575
2017-07-06,exscientia,0.003571428571428575
2017-07-06,receive,0.003571428571428575
2017-07-06,drug,0.003571428571428575
2017-07-06,lead,0.003571428571428575
2017-07-05,technologies,0.09342778433687524
2017-07-05,robot,0.09342778433687524
2017-07-05,ieee,0.09342778433687524
2017-07-05,selfdriving,0.09342778433687524
2017-07-05,generation,0.09342778433687524
2017-07-05,millennial,0.09342778433687524
2017-07-05,children,0.09342778433687524
2017-07-05,ai,0.09342778433687524
2017-07-05,parents,0.09342778433687524
2017-07-05,study,0.09342778433687524
2017-07-05,trust,0.09342778433687524
2017-07-05,pet,0.09342778433687524
2017-07-05,examines,0.09342778433687524
2017-07-05,pets,0.09342778433687524
2017-07-05,cars,0.09342778433687524
2017-07-05,showed,0.09342778433687524
2017-07-05,prospects,0.09342778433687524
2017-06-15,bring,0.26749999999999996
2017-06-15,million,0.26749999999999996
2017-06-15,50,0.26749999999999996
2017-06-15,advancements,0.26749999999999996
2017-06-15,usaa,0.26749999999999996
2017-06-15,processes,0.26749999999999996
2017-06-15,norwest,0.26749999999999996
2017-06-15,partners,0.26749999999999996
2017-06-15,products,0.26749999999999996
2017-06-15,venture,0.26749999999999996
2017-06-15,ai,0.26749999999999996
2017-06-15,help,0.26749999999999996
2017-06-15,cognitivescale,0.26749999999999996
2017-06-15,provide,0.26749999999999996
2017-06-15,raises,0.26749999999999996
2017-06-15,provides,0.26749999999999996
2017-06-15,working,0.26749999999999996
2017-06-14,machine,0.08901731601731602
2017-06-14,humanintheloop,0.08901731601731602
2017-06-14,million,0.08901731601731602
2017-06-14,citing,0.08901731601731602
2017-06-14,data,0.08901731601731602
2017-06-14,learning,0.08901731601731602
2017-06-14,explosion,0.08901731601731602
2017-06-14,venture,0.08901731601731602
2017-06-14,ai,0.08901731601731602
2017-06-14,training,0.08901731601731602
2017-06-14,industry,0.08901731601731602
2017-06-14,ventures,0.08901731601731602
2017-06-14,cambrian,0.08901731601731602
2017-06-14,workflows,0.08901731601731602
2017-06-14,funding,0.08901731601731602
2017-06-14,raises,0.08901731601731602
2017-06-14,20,0.08901731601731602
2017-06-14,crowdflower,0.08901731601731602
2017-06-12,uk,0.006803423848878392
2017-06-12,system,0.006803423848878392
2017-06-12,medical,0.006803423848878392
2017-06-12,heres,0.006803423848878392
2017-06-12,ai,0.006803423848878392
2017-06-12,telling,0.006803423848878392
2017-06-12,patients,0.006803423848878392
2017-06-12,survey,0.006803423848878392
2017-06-12,study,0.006803423848878392
2017-06-12,science,0.006803423848878392
2017-06-12,predictions,0.006803423848878392
2017-06-12,diseases,0.006803423848878392
2017-06-12,lifespan,0.006803423848878392
2017-06-12,images,0.006803423848878392
2017-06-12,assist,0.006803423848878392
2017-06-08,platform,0.29813852813852815
2017-06-08,million,0.29813852813852815
2017-06-08,insights,0.29813852813852815
2017-06-08,teams,0.29813852813852815
2017-06-08,worlds,0.29813852813852815
2017-06-08,providing,0.29813852813852815
2017-06-08,venture,0.29813852813852815
2017-06-08,y,0.29813852813852815
2017-06-08,grabs,0.29813852813852815
2017-06-08,ventures,0.29813852813852815
2017-06-08,launch,0.29813852813852815
2017-06-08,management,0.29813852813852815
2017-06-08,aipowered,0.29813852813852815
2017-06-08,peopleai,0.29813852813852815
2017-06-08,revenue,0.29813852813852815
2017-06-08,funding,0.29813852813852815
2017-06-08,sales,0.29813852813852815
2017-06-08,decisions,0.29813852813852815
2017-05-26,response,0.1399621212121212
2017-05-26,endpoint,0.1399621212121212
2017-05-26,zeroday,0.1399621212121212
2017-05-26,cylanceprotect,0.1399621212121212
2017-05-26,threats,0.1399621212121212
2017-05-26,launches,0.1399621212121212
2017-05-26,detection,0.1399621212121212
2017-05-26,claimed,0.1399621212121212
2017-05-26,ai,0.1399621212121212
2017-05-26,aidriven,0.1399621212121212
2017-05-26,solution,0.1399621212121212
2017-05-26,security,0.1399621212121212
2017-05-26,cylance,0.1399621212121212
2017-05-26,virtually,0.1399621212121212
2017-05-26,cylanceoptics,0.1399621212121212
2017-05-24,water,0.16303571428571428
2017-05-24,led,0.16303571428571428
2017-05-24,streetlights,0.16303571428571428
2017-05-24,respond,0.16303571428571428
2017-05-24,transportation,0.16303571428571428
2017-05-24,software,0.16303571428571428
2017-05-24,street,0.16303571428571428
2017-05-24,streetlight,0.16303571428571428
2017-05-24,aims,0.16303571428571428
2017-05-24,intelligent,0.16303571428571428
2017-05-24,events,0.16303571428571428
2017-05-24,smart,0.16303571428571428
2017-05-24,realtime,0.16303571428571428
2017-05-24,streets,0.16303571428571428
2017-05-24,light,0.16303571428571428
2017-05-24,used,0.16303571428571428
2017-05-18,compared,0.09114624505928853
2017-05-18,million,0.09114624505928853
2017-05-18,launches,0.09114624505928853
2017-05-18,accelerated,0.09114624505928853
2017-05-18,nvidia,0.09114624505928853
2017-05-18,2017,0.09114624505928853
2017-05-18,learning,0.09114624505928853
2017-05-18,supercomputers,0.09114624505928853
2017-05-18,cluster,0.09114624505928853
2017-05-18,csstorm,0.09114624505928853
2017-05-18,systems,0.09114624505928853
2017-05-18,quarter,0.09114624505928853
2017-05-18,tesla,0.09114624505928853
2017-05-18,cray,0.09114624505928853
2017-05-18,facebook,0.14844276094276093
2017-05-18,bring,0.14844276094276093
2017-05-18,challenges,0.14844276094276093
2017-05-18,data,0.14844276094276093
2017-05-18,joins,0.14844276094276093
2017-05-18,apple,0.14844276094276093
2017-05-18,al,0.14844276094276093
2017-05-18,et,0.14844276094276093
2017-05-18,ai,0.14844276094276093
2017-05-18,intelligence,0.14844276094276093
2017-05-18,google,0.14844276094276093
2017-05-18,unicef,0.14844276094276093
2017-05-18,technologies,0.14844276094276093
2017-05-18,partnership,0.14844276094276093
2017-05-18,innovation,0.14844276094276093
2017-05-18,changes,0.14844276094276093
2017-05-17,leverhulme,0.18415071770334923
2017-05-17,university,0.18415071770334923
2017-05-17,cambridge,0.18415071770334923
2017-05-17,opportunities,0.18415071770334923
2017-05-17,future,0.18415071770334923
2017-05-17,joining,0.18415071770334923
2017-05-17,research,0.18415071770334923
2017-05-17,ai,0.18415071770334923
2017-05-17,bolsters,0.18415071770334923
2017-05-17,technology,0.18415071770334923
2017-05-17,development,0.18415071770334923
2017-05-17,partnerships,0.18415071770334923
2017-05-17,partnership,0.18415071770334923
2017-05-17,efforts,0.18415071770334923
2017-05-17,coalition,0.18415071770334923
2017-05-15,natural,0.012878787878787889
2017-05-15,acquires,0.012878787878787889
2017-05-15,team,0.012878787878787889
2017-05-15,conversations,0.012878787878787889
2017-05-15,customers,0.012878787878787889
2017-05-15,ciscos,0.012878787878787889
2017-05-15,ai,0.012878787878787889
2017-05-15,post,0.012878787878787889
2017-05-15,wrote,0.012878787878787889
2017-05-15,cisco,0.012878787878787889
2017-05-15,conversational,0.012878787878787889
2017-05-15,firm,0.012878787878787889
2017-05-15,mindmeld,0.012878787878787889
2017-05-15,conversation,0.012878787878787889
2017-05-15,create,0.012878787878787889
2017-05-09,uk,0.0331986531986532
2017-05-09,believe,0.0331986531986532
2017-05-09,main,0.0331986531986532
2017-05-09,polled,0.0331986531986532
2017-05-09,ai,0.0331986531986532
2017-05-09,survey,0.0331986531986532
2017-05-09,technology,0.0331986531986532
2017-05-09,working,0.0331986531986532
2017-05-09,current,0.0331986531986532
2017-05-09,job,0.0331986531986532
2017-05-09,britons,0.0331986531986532
2017-05-09,support,0.0331986531986532
2017-05-09,surveyed,0.0331986531986532
2017-05-09,say,0.0331986531986532
2017-05-09,finds,0.0331986531986532
2017-05-09,humans,0.17908561296859166
2017-05-09,medicine,0.17908561296859166
2017-05-09,enterprise,0.17908561296859166
2017-05-09,gartner,0.17908561296859166
2017-05-09,utilities,0.17908561296859166
2017-05-09,work,0.17908561296859166
2017-05-09,robots,0.17908561296859166
2017-05-09,ai,0.17908561296859166
2017-05-09,problems,0.17908561296859166
2017-05-09,law,0.17908561296859166
2017-05-09,smart,0.17908561296859166
2017-05-09,affected,0.17908561296859166
2017-05-09,industries,0.17908561296859166
2017-05-09,levels,0.17908561296859166
2017-05-09,2022,0.17908561296859166
2017-05-09,rise,0.17908561296859166
2017-05-08,early,0.12589531680440771
2017-05-08,platform,0.12589531680440771
2017-05-08,models,0.12589531680440771
2017-05-08,launches,0.12589531680440771
2017-05-08,tools,0.12589531680440771
2017-05-08,program,0.12589531680440771
2017-05-08,build,0.12589531680440771
2017-05-08,ai,0.12589531680440771
2017-05-08,help,0.12589531680440771
2017-05-08,deploy,0.12589531680440771
2017-05-08,access,0.12589531680440771
2017-05-08,technology,0.12589531680440771
2017-05-08,bonsai,0.12589531680440771
2017-05-08,siemens,0.12589531680440771
2017-05-08,enterprises,0.12589531680440771
2017-05-08,winner,0.18704648526077094
2017-05-08,kentucky,0.18704648526077094
2017-05-08,experts,0.18704648526077094
2017-05-08,company,0.18704648526077094
2017-05-08,final,0.18704648526077094
2017-05-08,derby,0.18704648526077094
2017-05-08,unanimous,0.18704648526077094
2017-05-08,swarm,0.18704648526077094
2017-05-08,ai,0.18704648526077094
2017-05-08,predicting,0.18704648526077094
2017-05-08,intelligence,0.18704648526077094
2017-05-08,picks,0.18704648526077094
2017-05-08,falls,0.18704648526077094
2017-05-08,horses,0.18704648526077094
2017-05-08,furlong,0.18704648526077094
2017-05-08,odds,0.18704648526077094
2017-04-26,services,0.10707070707070707
2017-04-26,gears,0.10707070707070707
2017-04-26,nvidia,0.10707070707070707
2017-04-26,tencent,0.10707070707070707
2017-04-26,learning,0.10707070707070707
2017-04-26,possibilities,0.10707070707070707
2017-04-26,nvidias,0.10707070707070707
2017-04-26,ai,0.10707070707070707
2017-04-26,tencents,0.10707070707070707
2017-04-26,gpu,0.10707070707070707
2017-04-26,greater,0.10707070707070707
2017-04-26,cloud,0.10707070707070707
2017-04-26,acceleration,0.10707070707070707
2017-04-26,companies,0.10707070707070707
2017-04-26,gpus,0.10707070707070707
2017-04-25,internet,0.030105401844532278
2017-04-25,services,0.030105401844532278
2017-04-25,zingbox,0.030105401844532278
2017-04-25,medical,0.030105401844532278
2017-04-25,things,0.030105401844532278
2017-04-25,bundles,0.030105401844532278
2017-04-25,approach,0.030105401844532278
2017-04-25,aims,0.030105401844532278
2017-04-25,ai,0.030105401844532278
2017-04-25,guardian,0.030105401844532278
2017-04-25,solutions,0.030105401844532278
2017-04-25,solution,0.030105401844532278
2017-04-25,device,0.030105401844532278
2017-04-25,devices,0.030105401844532278
2017-04-25,iot,0.030105401844532278
2017-04-25,trusted,0.030105401844532278
2017-04-25,effectiveness,0.1269951298701299
2017-04-25,data,0.1269951298701299
2017-04-25,energy,0.1269951298701299
2017-04-25,mcculloch,0.1269951298701299
2017-04-25,sustainable,0.1269951298701299
2017-04-25,way,0.1269951298701299
2017-04-25,ai,0.1269951298701299
2017-04-25,help,0.1269951298701299
2017-04-25,centres,0.1269951298701299
2017-04-25,technology,0.1269951298701299
2017-04-25,cooling,0.1269951298701299
2017-04-25,pue,0.1269951298701299
2017-04-25,centre,0.1269951298701299
2017-04-25,create,0.1269951298701299
2017-04-25,bots,0.19397456709956712
2017-04-25,trillion,0.19397456709956712
2017-04-25,come,0.19397456709956712
2017-04-25,sheth,0.19397456709956712
2017-04-25,concerns,0.19397456709956712
2017-04-25,data,0.19397456709956712
2017-04-25,b2b,0.19397456709956712
2017-04-25,gupshup,0.19397456709956712
2017-04-25,different,0.19397456709956712
2017-04-25,going,0.19397456709956712
2017-04-25,industry,0.19397456709956712
2017-04-25,decade,0.19397456709956712
2017-04-25,big,0.19397456709956712
2017-04-25,potential,0.19397456709956712
2017-04-25,dollar,0.19397456709956712
2017-04-25,bank,0.19397456709956712
2017-04-25,innovation,0.19397456709956712
2017-04-25,youre,0.19397456709956712
2017-04-25,expect,0.12612244897959185
2017-04-25,making,0.12612244897959185
2017-04-25,2020,0.12612244897959185
2017-04-25,rise,0.12612244897959185
2017-04-25,today,0.12612244897959185
2017-04-25,employees,0.12612244897959185
2017-04-25,investing,0.12612244897959185
2017-04-25,respondents,0.12612244897959185
2017-04-25,ai,0.12612244897959185
2017-04-25,study,0.12612244897959185
2017-04-25,necessary,0.12612244897959185
2017-04-25,revenue,0.12612244897959185
2017-04-25,plan,0.12612244897959185
2017-04-25,organisations,0.12612244897959185
2017-04-25,companies,0.12612244897959185
2017-04-25,spike,0.12612244897959185
