2017-11-28,way,0.09724610974610974
2017-11-28,claimants,0.09724610974610974
2017-11-28,aims,0.09724610974610974
2017-11-28,banking,0.09724610974610974
2017-11-28,system,0.09724610974610974
2017-11-28,barclays,0.09724610974610974
2017-11-28,disrupt,0.09724610974610974
2017-11-28,payments,0.09724610974610974
2017-11-28,data,0.09724610974610974
2017-11-28,uk,0.09724610974610974
2017-11-28,welfare,0.09724610974610974
2017-11-28,govcoin,0.09724610974610974
2017-11-27,sds,0.05573529411764706
2017-11-27,public,0.05573529411764706
2017-11-27,seoul,0.05573529411764706
2017-11-27,south,0.05573529411764706
2017-11-27,contract,0.05573529411764706
2017-11-27,koreas,0.05573529411764706
2017-11-27,company,0.05573529411764706
2017-11-27,blockchain,0.05573529411764706
2017-11-27,technology,0.05573529411764706
2017-11-27,samsung,0.05573529411764706
2017-11-27,wins,0.05573529411764706
2017-11-27,project,0.05573529411764706
2017-11-24,way,0.15958092833092832
2017-11-24,used,0.15958092833092832
2017-11-24,countries,0.15958092833092832
2017-11-24,mining,0.15958092833092832
2017-11-24,power,0.15958092833092832
2017-11-24,energy,0.15958092833092832
2017-11-24,electricity,0.15958092833092832
2017-11-24,consumption,0.15958092833092832
2017-11-24,higher,0.15958092833092832
2017-11-24,159,0.15958092833092832
2017-11-24,bitcoin,0.15958092833092832
2017-11-24,usage,0.15958092833092832
2017-11-24,compare,0.15958092833092832
2017-11-23,levels,0.08407738095238096
2017-11-23,handling,0.08407738095238096
2017-11-23,bitcoin,0.08407738095238096
2017-11-23,processing,0.08407738095238096
2017-11-23,combined,0.08407738095238096
2017-11-23,currently,0.08407738095238096
2017-11-23,platform,0.08407738095238096
2017-11-23,digital,0.08407738095238096
2017-11-23,ethereum,0.08407738095238096
2017-11-23,transaction,0.08407738095238096
2017-11-23,currencies,0.08407738095238096
2017-11-23,2017,0.08407738095238096
2017-11-23,transactions,0.08407738095238096
2017-11-23,plan,0.08407738095238096
2017-11-21,representative,0.02488095238095237
2017-11-21,van,0.02488095238095237
2017-11-21,confido,0.02488095238095237
2017-11-21,tokens,0.02488095238095237
2017-11-21,subreddit,0.02488095238095237
2017-11-21,ico,0.02488095238095237
2017-11-21,legal,0.02488095238095237
2017-11-21,company,0.02488095238095237
2017-11-21,raised,0.02488095238095237
2017-11-21,website,0.02488095238095237
2017-11-21,tokenlot,0.02488095238095237
2017-11-21,vanishes,0.02488095238095237
2017-11-21,374000,0.02488095238095237
2017-11-20,project,0.10892532467532468
2017-11-20,using,0.10892532467532468
2017-11-20,fremantle,0.10892532467532468
2017-11-20,australian,0.10892532467532468
2017-11-20,city,0.10892532467532468
2017-11-20,technology,0.10892532467532468
2017-11-20,water,0.10892532467532468
2017-11-20,energy,0.10892532467532468
2017-11-20,blockchain,0.10892532467532468
2017-11-20,university,0.10892532467532468
2017-11-20,smart,0.10892532467532468
2017-11-20,pilot,0.10892532467532468
2017-11-20,provides,0.10892532467532468
2017-11-20,million,0.10892532467532468
2017-11-17,simple,0.08497835497835497
2017-11-17,bridge,0.08497835497835497
2017-11-17,tokens,0.08497835497835497
2017-11-17,look,0.08497835497835497
2017-11-17,token,0.08497835497835497
2017-11-17,gap,0.08497835497835497
2017-11-17,technology,0.08497835497835497
2017-11-17,case,0.08497835497835497
2017-11-17,blockchain,0.08497835497835497
2017-11-17,digital,0.08497835497835497
2017-11-17,consumer,0.08497835497835497
2017-11-17,users,0.08497835497835497
2017-11-17,study,0.08497835497835497
2017-11-17,developers,0.08497835497835497
2017-11-17,know,0.08497835497835497
2017-11-15,profession,0.09326541274817136
2017-11-15,finance,0.09326541274817136
2017-11-15,professionals,0.09326541274817136
2017-11-15,prepared,0.09326541274817136
2017-11-15,potential,0.09326541274817136
2017-11-15,think,0.09326541274817136
2017-11-15,change,0.09326541274817136
2017-11-15,technology,0.09326541274817136
2017-11-15,blockchain,0.09326541274817136
2017-11-15,treasury,0.09326541274817136
2017-11-15,going,0.09326541274817136
2017-11-15,50,0.09326541274817136
2017-11-15,surveyed,0.09326541274817136
2017-11-15,believe,0.09326541274817136
2017-11-15,afp,0.09326541274817136
2017-11-14,children,0.20460372960372958
2017-11-14,win,0.20460372960372958
2017-11-14,services,0.20460372960372958
2017-11-14,child,0.20460372960372958
2017-11-14,world,0.20460372960372958
2017-11-14,trafficking,0.20460372960372958
2017-11-14,technology,0.20460372960372958
2017-11-14,potentially,0.20460372960372958
2017-11-14,blockchain,0.20460372960372958
2017-11-14,prevent,0.20460372960372958
2017-11-14,worlds,0.20460372960372958
2017-11-14,project,0.20460372960372958
2017-11-14,solution,0.20460372960372958
2017-11-10,dead,0.1286293164200141
2017-11-10,deloitte,0.1286293164200141
2017-11-10,projects,0.1286293164200141
2017-11-10,92,0.1286293164200141
2017-11-10,tend,0.1286293164200141
2017-11-10,created,0.1286293164200141
2017-11-10,active,0.1286293164200141
2017-11-10,blockchain,0.1286293164200141
2017-11-10,launched,0.1286293164200141
2017-11-10,github,0.1286293164200141
2017-11-10,report,0.1286293164200141
2017-11-10,users,0.1286293164200141
2017-11-10,community,0.1286293164200141
2017-11-10,monero,0.1286293164200141
2017-11-09,freezes,0.07773268398268397
2017-11-09,contained,0.07773268398268397
2017-11-09,code,0.07773268398268397
2017-11-09,result,0.07773268398268397
2017-11-09,parity,0.07773268398268397
2017-11-09,vulnerability,0.07773268398268397
2017-11-09,wallet,0.07773268398268397
2017-11-09,contract,0.07773268398268397
2017-11-09,280,0.07773268398268397
2017-11-09,bug,0.07773268398268397
2017-11-09,ethereum,0.07773268398268397
2017-11-09,multisig,0.07773268398268397
2017-11-09,million,0.07773268398268397
2017-11-09,hack,0.07773268398268397
2017-11-08,squarespace,0.18035714285714288
2017-11-08,apps,0.18035714285714288
2017-11-08,write,0.18035714285714288
2017-11-08,technology,0.18035714285714288
2017-11-08,blockchain,0.18035714285714288
2017-11-08,looks,0.18035714285714288
2017-11-08,smart,0.18035714285714288
2017-11-08,network,0.18035714285714288
2017-11-08,crowd,0.18035714285714288
2017-11-08,machine,0.18035714285714288
2017-11-08,transaction,0.18035714285714288
2017-11-08,contracts,0.18035714285714288
2017-11-07,captive,0.12897727272727275
2017-11-07,transfer,0.12897727272727275
2017-11-07,process,0.12897727272727275
2017-11-07,allianz,0.12897727272727275
2017-11-07,prototype,0.12897727272727275
2017-11-07,insurance,0.12897727272727275
2017-11-07,blockchain,0.12897727272727275
2017-11-07,successfully,0.12897727272727275
2017-11-07,transactions,0.12897727272727275
2017-11-07,prototypes,0.12897727272727275
2017-11-07,processes,0.12897727272727275
2017-11-07,updates,0.12897727272727275
2017-11-06,problems,0.05318783068783068
2017-11-06,network,0.05318783068783068
2017-11-06,sharding,0.05318783068783068
2017-11-06,shards,0.05318783068783068
2017-11-06,data,0.05318783068783068
2017-11-06,proposal,0.05318783068783068
2017-11-06,fix,0.05318783068783068
2017-11-06,bluzelle,0.05318783068783068
2017-11-06,ethereum,0.05318783068783068
2017-11-06,scalability,0.05318783068783068
2017-11-06,scaling,0.05318783068783068
2017-11-06,vitalik,0.05318783068783068
2017-11-06,vitaliks,0.05318783068783068
2017-11-06,ethereums,0.05318783068783068
2017-11-06,database,0.05318783068783068
2017-11-03,futures,0.1277150728059819
2017-11-03,group,0.1277150728059819
2017-11-03,cme,0.1277150728059819
2017-11-03,bitcoin,0.1277150728059819
2017-11-03,cryptocurrency,0.1277150728059819
2017-11-03,investors,0.1277150728059819
2017-11-03,institutional,0.1277150728059819
2017-11-03,largest,0.1277150728059819
2017-11-03,crypto,0.1277150728059819
2017-11-03,ceo,0.1277150728059819
2017-11-03,announces,0.1277150728059819
2017-11-03,traditional,0.1277150728059819
2017-11-03,derivatives,0.1277150728059819
2017-11-03,lot,0.1277150728059819
2017-11-03,exchange,0.1277150728059819
2017-11-03,operator,0.1277150728059819
2017-11-03,worlds,0.1277150728059819
2017-11-02,gdax,0.0723905723905724
2017-11-02,financial,0.0723905723905724
2017-11-02,cryptocurrency,0.0723905723905724
2017-11-02,exclude,0.0723905723905724
2017-11-02,plans,0.0723905723905724
2017-11-02,created,0.0723905723905724
2017-11-02,assets,0.0723905723905724
2017-11-02,major,0.0723905723905724
2017-11-02,icos,0.0723905723905724
2017-11-02,coins,0.0723905723905724
2017-11-02,digital,0.0723905723905724
2017-11-02,exchange,0.0723905723905724
2017-11-02,including,0.0723905723905724
2017-11-02,framework,0.0723905723905724
2017-11-01,way,0.054311069882498446
2017-11-01,ballots,0.054311069882498446
2017-11-01,transparent,0.054311069882498446
2017-11-01,votes,0.054311069882498446
2017-11-01,system,0.054311069882498446
2017-11-01,technology,0.054311069882498446
2017-11-01,election,0.054311069882498446
2017-11-01,records,0.054311069882498446
2017-11-01,blockchain,0.054311069882498446
2017-11-01,paper,0.054311069882498446
2017-11-01,voting,0.054311069882498446
2017-11-01,secure,0.054311069882498446
2017-10-31,distributed,0.13212543554006967
2017-10-31,partners,0.13212543554006967
2017-10-31,solution,0.13212543554006967
2017-10-31,right,0.13212543554006967
2017-10-31,banks,0.13212543554006967
2017-10-31,build,0.13212543554006967
2017-10-31,corda,0.13212543554006967
2017-10-31,bank,0.13212543554006967
2017-10-31,technology,0.13212543554006967
2017-10-31,international,0.13212543554006967
2017-10-31,r3,0.13212543554006967
2017-10-31,payments,0.13212543554006967
2017-10-31,ledger,0.13212543554006967
2017-10-31,22,0.13212543554006967
2017-10-30,raises,-0.020077220077220077
2017-10-30,4new,-0.020077220077220077
2017-10-30,company,-0.020077220077220077
2017-10-30,energy,-0.020077220077220077
2017-10-30,blockchain,-0.020077220077220077
2017-10-30,scale,-0.020077220077220077
2017-10-30,supply,-0.020077220077220077
2017-10-30,days,-0.020077220077220077
2017-10-30,generation,-0.020077220077220077
2017-10-30,wants,-0.020077220077220077
2017-10-30,25,-0.020077220077220077
2017-10-30,million,-0.020077220077220077
2017-10-30,waste,-0.020077220077220077
2017-10-27,investors,0.06441385281385283
2017-10-27,cryptocurrency,0.06441385281385283
2017-10-27,virtual,0.06441385281385283
2017-10-27,regulatory,0.06441385281385283
2017-10-27,sec,0.06441385281385283
2017-10-27,market,0.06441385281385283
2017-10-27,technology,0.06441385281385283
2017-10-27,ico,0.06441385281385283
2017-10-27,icos,0.06441385281385283
2017-10-27,cryptocurrencies,0.06441385281385283
2017-10-27,currencies,0.06441385281385283
2017-10-27,unit,0.06441385281385283
2017-10-27,cyber,0.06441385281385283
2017-10-27,mean,0.06441385281385283
2017-10-26,significant,0.18905723905723903
2017-10-26,hong,0.18905723905723903
2017-10-26,financial,0.18905723905723903
2017-10-26,hkma,0.18905723905723903
2017-10-26,blockchainbased,0.18905723905723903
2017-10-26,singapore,0.18905723905723903
2017-10-26,kong,0.18905723905723903
2017-10-26,trade,0.18905723905723903
2017-10-26,collaboration,0.18905723905723903
2017-10-26,launch,0.18905723905723903
2017-10-26,fintech,0.18905723905723903
2017-10-26,regulate,0.18905723905723903
2017-10-26,project,0.18905723905723903
2017-10-26,mas,0.18905723905723903
2017-10-25,development,0.10735085227272727
2017-10-25,source,0.10735085227272727
2017-10-25,software,0.10735085227272727
2017-10-25,support,0.10735085227272727
2017-10-25,token,0.10735085227272727
2017-10-25,projects,0.10735085227272727
2017-10-25,wireline,0.10735085227272727
2017-10-25,sale,0.10735085227272727
2017-10-25,fund,0.10735085227272727
2017-10-25,platform,0.10735085227272727
2017-10-25,applications,0.10735085227272727
2017-10-25,open,0.10735085227272727
2017-10-25,developers,0.10735085227272727
2017-10-24,business,0.1256617647058824
2017-10-24,distributed,0.1256617647058824
2017-10-24,2018,0.1256617647058824
2017-10-24,potential,0.1256617647058824
2017-10-24,cost,0.1256617647058824
2017-10-24,iot,0.1256617647058824
2017-10-24,disrupter,0.1256617647058824
2017-10-24,model,0.1256617647058824
2017-10-24,technology,0.1256617647058824
2017-10-24,data,0.1256617647058824
2017-10-24,dimension,0.1256617647058824
2017-10-24,blockchain,0.1256617647058824
2017-10-24,digital,0.1256617647058824
2017-10-24,centralised,0.1256617647058824
2017-10-23,api,0.1572348484848485
2017-10-23,access,0.1572348484848485
2017-10-23,space,0.1572348484848485
2017-10-23,technology,0.1572348484848485
2017-10-23,company,0.1572348484848485
2017-10-23,blockchain,0.1572348484848485
2017-10-23,opens,0.1572348484848485
2017-10-23,network,0.1572348484848485
2017-10-23,mastercard,0.1572348484848485
2017-10-23,transactions,0.1572348484848485
2017-10-23,payments,0.1572348484848485
2017-10-23,ledger,0.1572348484848485
2017-10-20,piece,0.15267687074829933
2017-10-20,solutions,0.15267687074829933
2017-10-20,decentralized,0.15267687074829933
2017-10-20,services,0.15267687074829933
2017-10-20,service,0.15267687074829933
2017-10-20,fields,0.15267687074829933
2017-10-20,data,0.15267687074829933
2017-10-20,internet,0.15267687074829933
2017-10-20,storage,0.15267687074829933
2017-10-20,immutability,0.15267687074829933
2017-10-20,missing,0.15267687074829933
2017-10-20,database,0.15267687074829933
2017-10-20,file,0.15267687074829933
2017-10-19,global,0.11080898268398268
2017-10-19,financial,0.11080898268398268
2017-10-19,ibm,0.11080898268398268
2017-10-19,pacific,0.11080898268398268
2017-10-19,payment,0.11080898268398268
2017-10-19,group,0.11080898268398268
2017-10-19,crossborder,0.11080898268398268
2017-10-19,speed,0.11080898268398268
2017-10-19,blockchain,0.11080898268398268
2017-10-19,stellar,0.11080898268398268
2017-10-19,klickex,0.11080898268398268
2017-10-19,payments,0.11080898268398268
2017-10-19,increase,0.11080898268398268
2017-10-19,solution,0.11080898268398268
2017-10-18,distributed,0.006275252525252515
2017-10-18,different,0.006275252525252515
2017-10-18,adds,0.006275252525252515
2017-10-18,protocol,0.006275252525252515
2017-10-18,called,0.006275252525252515
2017-10-18,quilt,0.006275252525252515
2017-10-18,ledger,0.006275252525252515
2017-10-18,blockchain,0.006275252525252515
2017-10-18,ilp,0.006275252525252515
2017-10-18,website,0.006275252525252515
2017-10-18,payments,0.006275252525252515
2017-10-18,project,0.006275252525252515
2017-10-18,hyperledger,0.006275252525252515
2017-10-18,ledgers,0.006275252525252515
2017-10-17,exchanges,0.07069147069147068
2017-10-17,focusing,0.07069147069147068
2017-10-17,hackers,0.07069147069147068
2017-10-17,cryptocurrency,0.07069147069147068
2017-10-17,code,0.07069147069147068
2017-10-17,system,0.07069147069147068
2017-10-17,wallet,0.07069147069147068
2017-10-17,number,0.07069147069147068
2017-10-17,icos,0.07069147069147068
2017-10-17,increasingly,0.07069147069147068
2017-10-17,control,0.07069147069147068
2017-10-17,report,0.07069147069147068
2017-10-17,exchange,0.07069147069147068
2017-10-17,2017,0.07069147069147068
2017-10-17,keys,0.07069147069147068
2017-10-16,upgrade,0.03794825669825669
2017-10-16,launches,0.03794825669825669
2017-10-16,old,0.03794825669825669
2017-10-16,byzantium,0.03794825669825669
2017-10-16,second,0.03794825669825669
2017-10-16,transactions,0.03794825669825669
2017-10-16,fork,0.03794825669825669
2017-10-16,ethereum,0.03794825669825669
2017-10-16,vitalik,0.03794825669825669
2017-10-16,uncontentious,0.03794825669825669
2017-10-16,hard,0.03794825669825669
2017-10-13,spare,0.07279761904761906
2017-10-13,using,0.07279761904761906
2017-10-13,network,0.07279761904761906
2017-10-13,connection,0.07279761904761906
2017-10-13,service,0.07279761904761906
2017-10-13,gladius,0.07279761904761906
2017-10-13,battle,0.07279761904761906
2017-10-13,security,0.07279761904761906
2017-10-13,blockchain,0.07279761904761906
2017-10-13,users,0.07279761904761906
2017-10-13,rent,0.07279761904761906
2017-10-13,bandwidth,0.07279761904761906
2017-10-13,wants,0.07279761904761906
2017-10-13,cyber,0.07279761904761906
2017-10-13,attacks,0.07279761904761906
2017-10-13,unused,0.07279761904761906
2017-10-11,serious,0.10080154220779222
2017-10-11,cryptocurrency,0.10080154220779222
2017-10-11,poses,0.10080154220779222
2017-10-11,russian,0.10080154220779222
2017-10-11,regulation,0.10080154220779222
2017-10-11,president,0.10080154220779222
2017-10-11,support,0.10080154220779222
2017-10-11,shevetsov,0.10080154220779222
2017-10-11,wanted,0.10080154220779222
2017-10-11,putin,0.10080154220779222
2017-10-11,cryptocurrencies,0.10080154220779222
2017-10-11,comments,0.10080154220779222
2017-10-11,risks,0.10080154220779222
2017-10-11,throws,0.10080154220779222
2017-10-10,cloud,0.14696596506941334
2017-10-10,vice,0.14696596506941334
2017-10-10,service,0.14696596506941334
2017-10-10,announces,0.14696596506941334
2017-10-10,data,0.14696596506941334
2017-10-10,platform,0.14696596506941334
2017-10-10,company,0.14696596506941334
2017-10-10,blockchain,0.14696596506941334
2017-10-10,traditional,0.14696596506941334
2017-10-10,trusted,0.14696596506941334
2017-10-10,oracle,0.14696596506941334
2017-10-09,sign,0.04968039772727273
2017-10-09,significant,0.04968039772727273
2017-10-09,head,0.04968039772727273
2017-10-09,run,0.04968039772727273
2017-10-09,risky,0.04968039772727273
2017-10-09,prefer,0.04968039772727273
2017-10-09,talk,0.04968039772727273
2017-10-09,virtual,0.04968039772727273
2017-10-09,cryptocurrencies,0.04968039772727273
2017-10-09,central,0.04968039772727273
2017-10-09,currencies,0.04968039772727273
2017-10-09,comments,0.04968039772727273
2017-10-09,existing,0.04968039772727273
2017-10-09,imf,0.04968039772727273
2017-10-09,money,0.04968039772727273
2017-10-06,business,0.14855699855699855
2017-10-06,controls,0.14855699855699855
2017-10-06,challenges,0.14855699855699855
2017-10-06,devops,0.14855699855699855
2017-10-06,solve,0.14855699855699855
2017-10-06,technology,0.14855699855699855
2017-10-06,policies,0.14855699855699855
2017-10-06,blockchain,0.14855699855699855
2017-10-06,report,0.14855699855699855
2017-10-06,sod,0.14855699855699855
2017-10-06,waterfall,0.14855699855699855
2017-10-06,delivery,0.14855699855699855
2017-10-06,agile,0.14855699855699855
2017-10-05,financial,0.2033163265306123
2017-10-05,cryptocurrency,0.2033163265306123
2017-10-05,system,0.2033163265306123
2017-10-05,activity,0.2033163265306123
2017-10-05,products,0.2033163265306123
2017-10-05,market,0.2033163265306123
2017-10-05,security,0.2033163265306123
2017-10-05,ledger,0.2033163265306123
2017-10-05,infrastructure,0.2033163265306123
2017-10-05,giving,0.2033163265306123
2017-10-05,provide,0.2033163265306123
2017-10-05,blockchain,0.2033163265306123
2017-10-05,secure,0.2033163265306123
2017-10-04,behlendorf,0.12111769438958381
2017-10-04,work,0.12111769438958381
2017-10-04,system,0.12111769438958381
2017-10-04,governance,0.12111769438958381
2017-10-04,space,0.12111769438958381
2017-10-04,market,0.12111769438958381
2017-10-04,hyperledgers,0.12111769438958381
2017-10-04,technology,0.12111769438958381
2017-10-04,redecentralisation,0.12111769438958381
2017-10-04,blockchain,0.12111769438958381
2017-10-04,quest,0.12111769438958381
2017-10-04,fork,0.12111769438958381
2017-10-04,central,0.12111769438958381
2017-10-04,brian,0.12111769438958381
2017-10-03,launches,0.03273169482846903
2017-10-03,using,0.03273169482846903
2017-10-03,system,0.03273169482846903
2017-10-03,techniques,0.03273169482846903
2017-10-03,corda,0.03273169482846903
2017-10-03,platform,0.03273169482846903
2017-10-03,blockchain,0.03273169482846903
2017-10-03,release,0.03273169482846903
2017-10-03,version,0.03273169482846903
2017-10-03,r3,0.03273169482846903
2017-10-03,systems,0.03273169482846903
2017-10-03,means,0.03273169482846903
2017-10-02,purchase,0.19658730158730162
2017-10-02,ukrainian,0.19658730158730162
2017-10-02,using,0.19658730158730162
2017-10-02,completed,0.19658730158730162
2017-10-02,pro,0.19658730158730162
2017-10-02,blockchain,0.19658730158730162
2017-10-02,ethereum,0.19658730158730162
2017-10-02,soon,0.19658730158730162
2017-10-02,worlds,0.19658730158730162
2017-10-02,real,0.19658730158730162
2017-10-02,estate,0.19658730158730162
2017-10-02,apartment,0.19658730158730162
2017-10-02,title,0.19658730158730162
2017-09-29,user,0.02769070010449322
2017-09-29,using,0.02769070010449322
2017-09-29,cryptocurrency,0.02769070010449322
2017-09-29,sites,0.02769070010449322
2017-09-29,caught,0.02769070010449322
2017-09-29,visitors,0.02769070010449322
2017-09-29,site,0.02769070010449322
2017-09-29,pirate,0.02769070010449322
2017-09-29,websites,0.02769070010449322
2017-09-29,domains,0.02769070010449322
2017-09-29,coinhive,0.02769070010449322
2017-09-29,revenue,0.02769070010449322
2017-09-29,users,0.02769070010449322
2017-09-29,monero,0.02769070010449322
2017-09-29,browsers,0.02769070010449322
2017-09-28,way,0.06542033235581624
2017-09-28,trading,0.06542033235581624
2017-09-28,launches,0.06542033235581624
2017-09-28,using,0.06542033235581624
2017-09-28,ats,0.06542033235581624
2017-09-28,securities,0.06542033235581624
2017-09-28,tokens,0.06542033235581624
2017-09-28,overstock,0.06542033235581624
2017-09-28,token,0.06542033235581624
2017-09-28,legal,0.06542033235581624
2017-09-28,blockchain,0.06542033235581624
2017-09-28,trade,0.06542033235581624
2017-09-28,ruling,0.06542033235581624
2017-09-28,exchange,0.06542033235581624
2017-09-26,launches,0.058909090909090904
2017-09-26,retail,0.058909090909090904
2017-09-26,investors,0.058909090909090904
2017-09-26,securities,0.058909090909090904
2017-09-26,secs,0.058909090909090904
2017-09-26,sec,0.058909090909090904
2017-09-26,investor,0.058909090909090904
2017-09-26,technology,0.058909090909090904
2017-09-26,threats,0.058909090909090904
2017-09-26,icos,0.058909090909090904
2017-09-26,blockchain,0.058909090909090904
2017-09-26,violations,0.058909090909090904
2017-09-26,unit,0.058909090909090904
2017-09-26,cyber,0.058909090909090904
2017-09-25,carbonx,0.1967391304347826
2017-09-25,cxts,0.1967391304347826
2017-09-25,technologies,0.1967391304347826
2017-09-25,tokens,0.1967391304347826
2017-09-25,consensys,0.1967391304347826
2017-09-25,poised,0.1967391304347826
2017-09-25,change,0.1967391304347826
2017-09-25,takes,0.1967391304347826
2017-09-25,reward,0.1967391304347826
2017-09-25,climate,0.1967391304347826
2017-09-25,carbon,0.1967391304347826
2017-09-25,ethereum,0.1967391304347826
2017-09-25,project,0.1967391304347826
2017-09-22,way,0.08638888888888888
2017-09-22,network,0.08638888888888888
2017-09-22,tokens,0.08638888888888888
2017-09-22,token,0.08638888888888888
2017-09-22,ico,0.08638888888888888
2017-09-22,raiden,0.08638888888888888
2017-09-22,allow,0.08638888888888888
2017-09-22,sale,0.08638888888888888
2017-09-22,ethereum,0.08638888888888888
2017-09-22,transaction,0.08638888888888888
2017-09-22,launch,0.08638888888888888
2017-09-22,users,0.08638888888888888
2017-09-22,ethereums,0.08638888888888888
2017-09-21,switzerland,0.023098169191919204
2017-09-21,fake,0.023098169191919204
2017-09-21,financial,0.023098169191919204
2017-09-21,cryptocurrency,0.023098169191919204
2017-09-21,ecoin,0.023098169191919204
2017-09-21,shuts,0.023098169191919204
2017-09-21,quid,0.023098169191919204
2017-09-21,pro,0.023098169191919204
2017-09-21,swiss,0.023098169191919204
2017-09-21,statement,0.023098169191919204
2017-09-21,companies,0.023098169191919204
2017-09-21,blockchain,0.023098169191919204
2017-09-21,association,0.023098169191919204
2017-09-21,unit,0.023098169191919204
2017-09-20,vice,0.18239583333333334
2017-09-20,iot,0.18239583333333334
2017-09-20,blockchainbased,0.18239583333333334
2017-09-20,technology,0.18239583333333334
2017-09-20,data,0.18239583333333334
2017-09-20,alliance,0.18239583333333334
2017-09-20,companies,0.18239583333333334
2017-09-20,blockchain,0.18239583333333334
2017-09-20,looks,0.18239583333333334
2017-09-20,online,0.18239583333333334
2017-09-20,trusted,0.18239583333333334
2017-09-20,value,0.18239583333333334
2017-09-19,shoppers,0.12698412698412698
2017-09-19,retail,0.12698412698412698
2017-09-19,branded,0.12698412698412698
2017-09-19,gatcoin,0.12698412698412698
2017-09-19,using,0.12698412698412698
2017-09-19,used,0.12698412698412698
2017-09-19,tokens,0.12698412698412698
2017-09-19,wantthe,0.12698412698412698
2017-09-19,platform,0.12698412698412698
2017-09-19,cryptocurrencies,0.12698412698412698
2017-09-19,network,0.12698412698412698
2017-09-19,wants,0.12698412698412698
2017-09-19,consumer,0.12698412698412698
2017-09-19,hands,0.12698412698412698
2017-09-19,shopping,0.12698412698412698
2017-09-18,retail,0.07093971631205674
2017-09-18,banks,0.07093971631205674
2017-09-18,bank,0.07093971631205674
2017-09-18,weighs,0.07093971631205674
2017-09-18,bis,0.07093971631205674
2017-09-18,digital,0.07093971631205674
2017-09-18,cryptocurrencies,0.07093971631205674
2017-09-18,central,0.07093971631205674
2017-09-18,cbccs,0.07093971631205674
2017-09-18,report,0.07093971631205674
2017-09-18,cash,0.07093971631205674
2017-09-18,cbcc,0.07093971631205674
2017-09-18,money,0.07093971631205674
2017-09-15,cease,-0.043750000000000004
2017-09-15,trading,-0.043750000000000004
2017-09-15,chinas,-0.043750000000000004
2017-09-15,national,-0.043750000000000004
2017-09-15,peoples,-0.043750000000000004
2017-09-15,regulators,-0.043750000000000004
2017-09-15,response,-0.043750000000000004
2017-09-15,china,-0.043750000000000004
2017-09-15,statement,-0.043750000000000004
2017-09-15,stop,-0.043750000000000004
2017-09-15,exchange,-0.043750000000000004
2017-09-15,bitcoin,-0.043750000000000004
2017-09-15,official,-0.043750000000000004
2017-09-14,ico365,0.06651515151515151
2017-09-14,light,0.06651515151515151
2017-09-14,planned,0.06651515151515151
2017-09-14,repaid,0.06651515151515151
2017-09-14,tokens,0.06651515151515151
2017-09-14,returned,0.06651515151515151
2017-09-14,issues,0.06651515151515151
2017-09-14,ban,0.06651515151515151
2017-09-14,order,0.06651515151515151
2017-09-14,regulatory,0.06651515151515151
2017-09-14,china,0.06651515151515151
2017-09-14,token,0.06651515151515151
2017-09-14,ico,0.06651515151515151
2017-09-14,platform,0.06651515151515151
2017-09-14,aeternity,0.06651515151515151
2017-09-14,statement,0.06651515151515151
2017-09-14,termination,0.06651515151515151
2017-09-14,agreement,0.06651515151515151
2017-09-13,morgan,0.03495630912297579
2017-09-13,activities,0.03495630912297579
2017-09-13,regulated,0.03495630912297579
2017-09-13,investors,0.03495630912297579
2017-09-13,currency,0.03495630912297579
2017-09-13,fraud,0.03495630912297579
2017-09-13,fca,0.03495630912297579
2017-09-13,ico,0.03495630912297579
2017-09-13,labels,0.03495630912297579
2017-09-13,statement,0.03495630912297579
2017-09-13,icos,0.03495630912297579
2017-09-13,bitcoin,0.03495630912297579
2017-09-13,warning,0.03495630912297579
2017-09-13,dimon,0.03495630912297579
2017-09-13,jp,0.03495630912297579
2017-09-12,partners,0.1091969696969697
2017-09-12,financial,0.1091969696969697
2017-09-12,regulator,0.1091969696969697
2017-09-12,regulatory,0.1091969696969697
2017-09-12,banks,0.1091969696969697
2017-09-12,prototype,0.1091969696969697
2017-09-12,build,0.1091969696969697
2017-09-12,technology,0.1091969696969697
2017-09-12,mortgage,0.1091969696969697
2017-09-12,major,0.1091969696969697
2017-09-12,blockchain,0.1091969696969697
2017-09-12,rbs,0.1091969696969697
2017-09-12,fca,0.1091969696969697
2017-09-12,r3,0.1091969696969697
2017-09-11,upgrade,0.05273780273780273
2017-09-11,close,0.05273780273780273
2017-09-11,test,0.05273780273780273
2017-09-11,metropolis,0.05273780273780273
2017-09-11,upgrades,0.05273780273780273
2017-09-11,platform,0.05273780273780273
2017-09-11,fork,0.05273780273780273
2017-09-11,ethereum,0.05273780273780273
2017-09-11,release,0.05273780273780273
2017-09-11,known,0.05273780273780273
2017-09-11,users,0.05273780273780273
2017-09-11,hard,0.05273780273780273
2017-09-08,system,0.10145929339477726
2017-09-08,transfer,0.10145929339477726
2017-09-08,blockchainbased,0.10145929339477726
2017-09-08,b2b,0.10145929339477726
2017-09-08,visa,0.10145929339477726
2017-09-08,patent,0.10145929339477726
2017-09-08,files,0.10145929339477726
2017-09-08,assets,0.10145929339477726
2017-09-08,digital,0.10145929339477726
2017-09-08,network,0.10145929339477726
2017-09-08,asset,0.10145929339477726
2017-09-08,value,0.10145929339477726
2017-09-07,vote,0.11103428103428103
2017-09-07,issues,0.11103428103428103
2017-09-07,idea,0.11103428103428103
2017-09-07,democracy,0.11103428103428103
2017-09-07,power,0.11103428103428103
2017-09-07,sovereign,0.11103428103428103
2017-09-07,app,0.11103428103428103
2017-09-07,blockchain,0.11103428103428103
2017-09-07,online,0.11103428103428103
2017-09-07,delegate,0.11103428103428103
2017-09-07,key,0.11103428103428103
2017-09-07,voting,0.11103428103428103
2017-09-06,best,0.24551316738816742
2017-09-06,technologies,0.24551316738816742
2017-09-06,ibm,0.24551316738816742
2017-09-06,think,0.24551316738816742
2017-09-06,research,0.24551316738816742
2017-09-06,recovery,0.24551316738816742
2017-09-06,blockchain,0.24551316738816742
2017-09-06,hope,0.24551316738816742
2017-09-06,ubs,0.24551316738816742
2017-09-06,ibms,0.24551316738816742
2017-09-06,states,0.24551316738816742
2017-09-06,reduced,0.24551316738816742
2017-09-06,note,0.24551316738816742
2017-09-05,financial,0.03733333333333334
2017-09-05,investors,0.03733333333333334
2017-09-05,bans,0.03733333333333334
2017-09-05,currency,0.03733333333333334
2017-09-05,regulators,0.03733333333333334
2017-09-05,china,0.03733333333333334
2017-09-05,ico,0.03733333333333334
2017-09-05,icos,0.03733333333333334
2017-09-05,practice,0.03733333333333334
2017-09-05,raised,0.03733333333333334
2017-09-05,immediate,0.03733333333333334
2017-09-05,fundraising,0.03733333333333334
2017-09-04,purchase,0.18118686868686865
2017-09-04,feature,0.18118686868686865
2017-09-04,ira,0.18118686868686865
2017-09-04,xrp,0.18118686868686865
2017-09-04,retirement,0.18118686868686865
2017-09-04,company,0.18118686868686865
2017-09-04,funds,0.18118686868686865
2017-09-04,digital,0.18118686868686865
2017-09-04,cryptocurrencies,0.18118686868686865
2017-09-04,bitcoin,0.18118686868686865
2017-09-04,space,0.18118686868686865
2017-09-04,walletthe,0.18118686868686865
2017-09-01,cloud,0.22310606060606056
2017-09-01,distributed,0.22310606060606056
2017-09-01,joins,0.22310606060606056
2017-09-01,membership,0.22310606060606056
2017-09-01,service,0.22310606060606056
2017-09-01,technology,0.22310606060606056
2017-09-01,director,0.22310606060606056
2017-09-01,enabling,0.22310606060606056
2017-09-01,blockchain,0.22310606060606056
2017-09-01,oracle,0.22310606060606056
2017-09-01,hyperledger,0.22310606060606056
2017-08-31,coin,0.041096403596403604
2017-08-31,settlement,0.041096403596403604
2017-08-31,global,0.041096403596403604
2017-08-31,financial,0.041096403596403604
2017-08-31,transfer,0.041096403596403604
2017-08-31,phase,0.041096403596403604
2017-08-31,come,0.041096403596403604
2017-08-31,banks,0.041096403596403604
2017-08-31,utility,0.041096403596403604
2017-08-31,digital,0.041096403596403604
2017-08-31,ubs,0.041096403596403604
2017-08-31,create,0.041096403596403604
2017-08-31,project,0.041096403596403604
2017-08-31,step,0.041096403596403604
2017-08-31,times,0.041096403596403604
2017-08-30,system,0.19186147186147187
2017-08-30,successful,0.19186147186147187
2017-08-30,existing,0.19186147186147187
2017-08-30,transport,0.19186147186147187
2017-08-30,international,0.19186147186147187
2017-08-30,blockchain,0.19186147186147187
2017-08-30,company,0.19186147186147187
2017-08-30,pilot,0.19186147186147187
2017-08-30,herald,0.19186147186147187
2017-08-30,supply,0.19186147186147187
2017-08-30,ledger,0.19186147186147187
2017-08-30,marine,0.19186147186147187
2017-08-29,way,-0.007300275482093659
2017-08-29,trading,-0.007300275482093659
2017-08-29,investors,-0.007300275482093659
2017-08-29,issues,-0.007300275482093659
2017-08-29,sec,-0.007300275482093659
2017-08-29,investor,-0.007300275482093659
2017-08-29,public,-0.007300275482093659
2017-08-29,publicly,-0.007300275482093659
2017-08-29,icos,-0.007300275482093659
2017-08-29,companies,-0.007300275482093659
2017-08-29,warning,-0.007300275482093659
2017-08-29,scams,-0.007300275482093659
2017-08-25,ai,0.11004398826979472
2017-08-25,docai,0.11004398826979472
2017-08-25,patients,0.11004398826979472
2017-08-25,health,0.11004398826979472
2017-08-25,data,0.11004398826979472
2017-08-25,medical,0.11004398826979472
2017-08-25,platform,0.11004398826979472
2017-08-25,blockchain,0.11004398826979472
2017-08-25,provide,0.11004398826979472
2017-08-25,combines,0.11004398826979472
2017-08-25,healthcare,0.11004398826979472
2017-08-25,patient,0.11004398826979472
2017-08-24,btcs,0.02913165266106442
2017-08-24,bcg,0.02913165266106442
2017-08-24,global,0.02913165266106442
2017-08-24,loi,0.02913165266106442
2017-08-24,confirms,0.02913165266106442
2017-08-24,subject,0.02913165266106442
2017-08-24,intentions,0.02913165266106442
2017-08-24,board,0.02913165266106442
2017-08-24,technology,0.02913165266106442
2017-08-24,company,0.02913165266106442
2017-08-24,merger,0.02913165266106442
2017-08-24,blockchain,0.02913165266106442
2017-08-24,companies,0.02913165266106442
2017-08-24,intent,0.02913165266106442
2017-08-23,shocard,0.0944616977225673
2017-08-23,passwords,0.0944616977225673
2017-08-23,authentication,0.0944616977225673
2017-08-23,raises,0.0944616977225673
2017-08-23,identity,0.0944616977225673
2017-08-23,rollout,0.0944616977225673
2017-08-23,funding,0.0944616977225673
2017-08-23,management,0.0944616977225673
2017-08-23,ventures,0.0944616977225673
2017-08-23,security,0.0944616977225673
2017-08-23,blockchain,0.0944616977225673
2017-08-23,verification,0.0944616977225673
2017-08-23,usernames,0.0944616977225673
2017-08-23,enterprise,0.0944616977225673
2017-08-23,million,0.0944616977225673
2017-08-23,solution,0.0944616977225673
2017-08-22,food,0.08550649350649349
2017-08-22,sign,0.08550649350649349
2017-08-22,way,0.08550649350649349
2017-08-22,deal,0.08550649350649349
2017-08-22,work,0.08550649350649349
2017-08-22,kroger,0.08550649350649349
2017-08-22,safety,0.08550649350649349
2017-08-22,ibm,0.08550649350649349
2017-08-22,organisations,0.08550649350649349
2017-08-22,nestlï¿½,0.08550649350649349
2017-08-22,major,0.08550649350649349
2017-08-22,platform,0.08550649350649349
2017-08-22,blockchain,0.08550649350649349
2017-08-22,walmart,0.08550649350649349
2017-08-22,unilever,0.08550649350649349
2017-08-22,tyson,0.08550649350649349
2017-08-21,solutions,0.08953168044077135
2017-08-21,payment,0.08953168044077135
2017-08-21,blockchainbased,0.08953168044077135
2017-08-21,offer,0.08953168044077135
2017-08-21,bankera,0.08953168044077135
2017-08-21,preico,0.08953168044077135
2017-08-21,ico,0.08953168044077135
2017-08-21,company,0.08953168044077135
2017-08-21,million,0.08953168044077135
2017-08-21,users,0.08953168044077135
2017-08-21,details,0.08953168044077135
2017-08-21,releases,0.08953168044077135
2017-08-21,banking,0.08953168044077135
2017-08-21,solution,0.08953168044077135
2017-08-17,business,0.03216666666666666
2017-08-17,ibm,0.03216666666666666
2017-08-17,network,0.03216666666666666
2017-08-17,explore,0.03216666666666666
2017-08-17,singapore,0.03216666666666666
2017-08-17,technology,0.03216666666666666
2017-08-17,platform,0.03216666666666666
2017-08-17,blockchain,0.03216666666666666
2017-08-17,trade,0.03216666666666666
2017-08-17,chain,0.03216666666666666
2017-08-17,transparency,0.03216666666666666
2017-08-17,supply,0.03216666666666666
2017-08-16,satellite,0.05936771561771562
2017-08-16,blockstream,0.05936771561771562
2017-08-16,enables,0.05936771561771562
2017-08-16,aims,0.05936771561771562
2017-08-16,network,0.05936771561771562
2017-08-16,satellites,0.05936771561771562
2017-08-16,reach,0.05936771561771562
2017-08-16,service,0.05936771561771562
2017-08-16,end,0.05936771561771562
2017-08-16,data,0.05936771561771562
2017-08-16,blast,0.05936771561771562
2017-08-16,blockchain,0.05936771561771562
2017-08-16,realtime,0.05936771561771562
2017-08-16,bitcoin,0.05936771561771562
2017-08-16,space,0.05936771561771562
2017-08-11,way,0.0619883903974813
2017-08-11,ahead,0.0619883903974813
2017-08-11,credentialing,0.0619883903974813
2017-08-11,state,0.0619883903974813
2017-08-11,health,0.0619883903974813
2017-08-11,moves,0.0619883903974813
2017-08-11,medical,0.0619883903974813
2017-08-11,single,0.0619883903974813
2017-08-11,blockchain,0.0619883903974813
2017-08-11,smart,0.0619883903974813
2017-08-11,interstate,0.0619883903974813
2017-08-11,healthcare,0.0619883903974813
2017-08-11,initiative,0.0619883903974813
2017-08-11,illinois,0.0619883903974813
2017-08-10,russinovich,0.10923295454545454
2017-08-10,processes,0.10923295454545454
2017-08-10,launches,0.10923295454545454
2017-08-10,potential,0.10923295454545454
2017-08-10,help,0.10923295454545454
2017-08-10,microsoft,0.10923295454545454
2017-08-10,coco,0.10923295454545454
2017-08-10,number,0.10923295454545454
2017-08-10,speed,0.10923295454545454
2017-08-10,blockchain,0.10923295454545454
2017-08-10,growing,0.10923295454545454
2017-08-10,adoption,0.10923295454545454
2017-08-10,enterprises,0.10923295454545454
2017-08-10,enterprise,0.10923295454545454
2017-08-10,customers,0.10923295454545454
2017-08-10,framework,0.10923295454545454
2017-08-09,education,0.11926406926406927
2017-08-09,global,0.11926406926406927
2017-08-09,ibm,0.11926406926406927
2017-08-09,students,0.11926406926406927
2017-08-09,develop,0.11926406926406927
2017-08-09,sony,0.11926406926406927
2017-08-09,blockchainbased,0.11926406926406927
2017-08-09,platform,0.11926406926406927
2017-08-09,blockchain,0.11926406926406927
2017-08-09,digital,0.11926406926406927
2017-08-09,variety,0.11926406926406927
2017-08-09,educational,0.11926406926406927
2017-08-08,way,0.03910961114908483
2017-08-08,matrix,0.03910961114908483
2017-08-08,addressing,0.03910961114908483
2017-08-08,ai,0.03910961114908483
2017-08-08,merging,0.03910961114908483
2017-08-08,technology,0.03910961114908483
2017-08-08,stage,0.03910961114908483
2017-08-08,team,0.03910961114908483
2017-08-08,blockchain,0.03910961114908483
2017-08-08,smart,0.03910961114908483
2017-08-08,chain,0.03910961114908483
2017-08-08,contracts,0.03910961114908483
2017-08-07,timesensitive,0.09702380952380953
2017-08-07,user,0.09702380952380953
2017-08-07,using,0.09702380952380953
2017-08-07,system,0.09702380952380953
2017-08-07,nasdaq,0.09702380952380953
2017-08-07,order,0.09702380952380953
2017-08-07,document,0.09702380952380953
2017-08-07,data,0.09702380952380953
2017-08-07,patent,0.09702380952380953
2017-08-07,files,0.09702380952380953
2017-08-07,blockchain,0.09702380952380953
2017-08-07,information,0.09702380952380953
2017-08-07,sensitive,0.09702380952380953
2017-08-04,securities,0.20588235294117646
2017-08-04,securrency,0.20588235294117646
2017-08-04,regulatory,0.20588235294117646
2017-08-04,sec,0.20588235294117646
2017-08-04,lifting,0.20588235294117646
2017-08-04,ico,0.20588235294117646
2017-08-04,platform,0.20588235294117646
2017-08-04,companies,0.20588235294117646
2017-08-04,icos,0.20588235294117646
2017-08-04,looks,0.20588235294117646
2017-08-04,ruling,0.20588235294117646
2017-08-04,regtech,0.20588235294117646
2017-08-04,offering,0.20588235294117646
2017-08-04,heavy,0.20588235294117646
2017-08-04,compliance,0.20588235294117646
2017-08-03,seperent,0.13291491596638655
2017-08-03,serpent,0.13291491596638655
2017-08-03,considered,0.13291491596638655
2017-08-03,invalid,0.13291491596638655
2017-08-03,augur,0.13291491596638655
2017-08-03,language,0.13291491596638655
2017-08-03,tests,0.13291491596638655
2017-08-03,contract,0.13291491596638655
2017-08-03,critical,0.13291491596638655
2017-08-03,smart,0.13291491596638655
2017-08-03,ethereum,0.13291491596638655
2017-08-03,compiler,0.13291491596638655
2017-08-03,report,0.13291491596638655
2017-08-03,variable,0.13291491596638655
2017-08-03,does,0.13291491596638655
2017-08-03,safe,0.13291491596638655
2017-08-02,eaves,0.12180134680134683
2017-08-02,term,0.12180134680134683
2017-08-02,ai,0.12180134680134683
2017-08-02,iot,0.12180134680134683
2017-08-02,sector,0.12180134680134683
2017-08-02,tapscott,0.12180134680134683
2017-08-02,technology,0.12180134680134683
2017-08-02,sally,0.12180134680134683
2017-08-02,things,0.12180134680134683
2017-08-02,team,0.12180134680134683
2017-08-02,blockchain,0.12180134680134683
2017-08-02,complement,0.12180134680134683
2017-08-02,healthcare,0.12180134680134683
2017-08-02,bitcoin,0.033366271409749675
2017-08-02,block,0.033366271409749675
2017-08-02,order,0.033366271409749675
2017-08-02,miners,0.033366271409749675
2017-08-02,blockchain,0.033366271409749675
2017-08-02,fork,0.033366271409749675
2017-08-02,occurred,0.033366271409749675
2017-08-02,size,0.033366271409749675
2017-08-02,network,0.033366271409749675
2017-08-02,split,0.033366271409749675
2017-08-02,hard,0.033366271409749675
2017-08-02,increase,0.033366271409749675
2017-08-02,solution,0.033366271409749675
2017-08-01,global,0.13359213250517601
2017-08-01,item,0.13359213250517601
2017-08-01,used,0.13359213250517601
2017-08-01,using,0.13359213250517601
2017-08-01,system,0.13359213250517601
2017-08-01,technical,0.13359213250517601
2017-08-01,sgtins,0.13359213250517601
2017-08-01,chronicled,0.13359213250517601
2017-08-01,completes,0.13359213250517601
2017-08-01,successfully,0.13359213250517601
2017-08-01,pilot,0.13359213250517601
2017-08-01,parties,0.13359213250517601
2017-08-01,supply,0.13359213250517601
2017-07-31,57,0.18039249639249638
2017-07-31,serious,0.18039249639249638
2017-07-31,corporations,0.18039249639249638
2017-07-31,research,0.18039249639249638
2017-07-31,considering,0.18039249639249638
2017-07-31,deploying,0.18039249639249638
2017-07-31,juniper,0.18039249639249638
2017-07-31,blockchain,0.18039249639249638
2017-07-31,companies,0.18039249639249638
2017-07-31,opportunities,0.18039249639249638
2017-07-31,large,0.18039249639249638
2017-07-28,fixedprice,0.1937912087912088
2017-07-28,icobox,0.1937912087912088
2017-07-28,package,0.1937912087912088
2017-07-28,token,0.1937912087912088
2017-07-28,service,0.1937912087912088
2017-07-28,help,0.1937912087912088
2017-07-28,technology,0.1937912087912088
2017-07-28,ico,0.1937912087912088
2017-07-28,company,0.1937912087912088
2017-07-28,legal,0.1937912087912088
2017-07-28,icos,0.1937912087912088
2017-07-28,launched,0.1937912087912088
2017-07-28,marketing,0.1937912087912088
2017-07-28,solution,0.1937912087912088
2017-07-27,technologies,0.00952950558213716
2017-07-27,arrested,0.00952950558213716
2017-07-27,bitcoin,0.00952950558213716
2017-07-27,indicted,0.00952950558213716
2017-07-27,operator,0.00952950558213716
2017-07-27,vinnik,0.00952950558213716
2017-07-27,site,0.00952950558213716
2017-07-27,hacking,0.00952950558213716
2017-07-27,ranging,0.00952950558213716
2017-07-27,exchange,0.00952950558213716
2017-07-27,btce,0.00952950558213716
2017-07-27,identity,0.00952950558213716
2017-07-26,secs,0.02474937343358396
2017-07-26,dao,0.02474937343358396
2017-07-26,securities,0.02474937343358396
2017-07-26,investors,0.02474937343358396
2017-07-26,tokens,0.02474937343358396
2017-07-26,sec,0.02474937343358396
2017-07-26,unregistered,0.02474937343358396
2017-07-26,federal,0.02474937343358396
2017-07-26,icos,0.02474937343358396
2017-07-26,report,0.02474937343358396
2017-07-26,states,0.02474937343358396
2017-07-26,division,0.02474937343358396
2017-07-26,does,0.02474937343358396
2017-07-26,agency,0.02474937343358396
2017-07-25,counterparties,0.15403639570306235
2017-07-25,introduces,0.15403639570306235
2017-07-25,execute,0.15403639570306235
2017-07-25,public,0.15403639570306235
2017-07-25,microsoft,0.15403639570306235
2017-07-25,blockchain,0.15403639570306235
2017-07-25,private,0.15403639570306235
2017-07-25,smart,0.15403639570306235
2017-07-25,contracts,0.15403639570306235
2017-07-25,users,0.15403639570306235
2017-07-25,enterprise,0.15403639570306235
2017-07-25,customers,0.15403639570306235
2017-07-24,theft,0.09930476190476192
2017-07-24,exploited,0.09930476190476192
2017-07-24,hackers,0.09930476190476192
2017-07-24,vulnerability,0.09930476190476192
2017-07-24,parity,0.09930476190476192
2017-07-24,30,0.09930476190476192
2017-07-24,wallet,0.09930476190476192
2017-07-24,breach,0.09930476190476192
2017-07-24,leads,0.09930476190476192
2017-07-24,ether,0.09930476190476192
2017-07-24,multisig,0.09930476190476192
2017-07-24,ethereum,0.09930476190476192
2017-07-24,users,0.09930476190476192
2017-07-24,attack,0.09930476190476192
2017-07-24,million,0.09930476190476192
2017-07-24,wallets,0.09930476190476192
2017-07-21,way,0.11402380952380951
2017-07-21,clear,0.11402380952380951
2017-07-21,oceans,0.11402380952380951
2017-07-21,looking,0.11402380952380951
2017-07-21,system,0.11402380952380951
2017-07-21,world,0.11402380952380951
2017-07-21,recycling,0.11402380952380951
2017-07-21,bank,0.11402380952380951
2017-07-21,plastic,0.11402380952380951
2017-07-21,platform,0.11402380952380951
2017-07-21,blockchain,0.11402380952380951
2017-07-21,transactions,0.11402380952380951
2017-07-21,project,0.11402380952380951
2017-07-21,shaun,0.11402380952380951
2017-07-20,publishers,0.08286223580341227
2017-07-20,content,0.08286223580341227
2017-07-20,partner,0.08286223580341227
2017-07-20,metadata,0.08286223580341227
2017-07-20,licensing,0.08286223580341227
2017-07-20,leading,0.08286223580341227
2017-07-20,media,0.08286223580341227
2017-07-20,blockchain,0.08286223580341227
2017-07-20,digital,0.08286223580341227
2017-07-20,poet,0.08286223580341227
2017-07-20,open,0.08286223580341227
2017-07-20,information,0.08286223580341227
2017-07-19,way,0.13863636363636364
2017-07-19,trading,0.13863636363636364
2017-07-19,securities,0.13863636363636364
2017-07-19,ibm,0.13863636363636364
2017-07-19,develop,0.13863636363636364
2017-07-19,system,0.13863636363636364
2017-07-19,stock,0.13863636363636364
2017-07-19,data,0.13863636363636364
2017-07-19,london,0.13863636363636364
2017-07-19,blockchain,0.13863636363636364
2017-07-19,smes,0.13863636363636364
2017-07-19,exchange,0.13863636363636364
2017-07-19,group,0.13863636363636364
2017-07-19,solution,0.13863636363636364
2017-07-18,sent,0.01119227994227993
2017-07-18,coindash,0.01119227994227993
2017-07-18,fraudulent,0.01119227994227993
2017-07-18,stolen,0.01119227994227993
2017-07-18,ico,0.01119227994227993
2017-07-18,company,0.01119227994227993
2017-07-18,address,0.01119227994227993
2017-07-18,security,0.01119227994227993
2017-07-18,shut,0.01119227994227993
2017-07-18,website,0.01119227994227993
2017-07-18,million,0.01119227994227993
2017-07-18,hack,0.01119227994227993
2017-07-17,way,0.12475895316804407
2017-07-17,flow,0.12475895316804407
2017-07-17,systems,0.12475895316804407
2017-07-17,based,0.12475895316804407
2017-07-17,different,0.12475895316804407
2017-07-17,technology,0.12475895316804407
2017-07-17,assets,0.12475895316804407
2017-07-17,blockchain,0.12475895316804407
2017-07-17,looks,0.12475895316804407
2017-07-17,blockchains,0.12475895316804407
2017-07-17,uses,0.12475895316804407
2017-07-17,allows,0.12475895316804407
2017-07-17,hcash,0.12475895316804407
2017-07-17,information,0.12475895316804407
2017-07-17,let,0.12475895316804407
2017-07-14,services,0.09060374149659864
2017-07-14,system,0.09060374149659864
2017-07-14,offers,0.09060374149659864
2017-07-14,crypto,0.09060374149659864
2017-07-14,swiss,0.09060374149659864
2017-07-14,zug,0.09060374149659864
2017-07-14,press,0.09060374149659864
2017-07-14,citizens,0.09060374149659864
2017-07-14,valley,0.09060374149659864
2017-07-14,town,0.09060374149659864
2017-07-14,digital,0.09060374149659864
2017-07-14,statement,0.09060374149659864
2017-07-14,release,0.09060374149659864
2017-07-14,identities,0.09060374149659864
2017-07-14,identity,0.09060374149659864
2017-07-13,purchase,0.1912843876553554
2017-07-13,spend,0.1912843876553554
2017-07-13,programmatic,0.1912843876553554
2017-07-13,cleaning,0.1912843876553554
2017-07-13,technology,0.1912843876553554
2017-07-13,ads,0.1912843876553554
2017-07-13,platform,0.1912843876553554
2017-07-13,market,0.1912843876553554
2017-07-13,blockchain,0.1912843876553554
2017-07-13,advertising,0.1912843876553554
2017-07-13,transparency,0.1912843876553554
2017-07-12,using,0.20592775041050904
2017-07-12,true,0.20592775041050904
2017-07-12,projects,0.20592775041050904
2017-07-12,vibrant,0.20592775041050904
2017-07-12,company,0.20592775041050904
2017-07-12,platform,0.20592775041050904
2017-07-12,blockchain,0.20592775041050904
2017-07-12,hyperledger,0.20592775041050904
2017-07-12,released,0.20592775041050904
2017-07-12,project,0.20592775041050904
2017-07-12,fabric,0.20592775041050904
2017-07-11,40,0.15978354978354978
2017-07-11,venture,0.15978354978354978
2017-07-11,payment,0.15978354978354978
2017-07-11,raises,0.15978354978354978
2017-07-11,richard,0.15978354978354978
2017-07-11,world,0.15978354978354978
2017-07-11,wallet,0.15978354978354978
2017-07-11,technology,0.15978354978354978
2017-07-11,virgin,0.15978354978354978
2017-07-11,company,0.15978354978354978
2017-07-11,blockchain,0.15978354978354978
2017-07-11,digital,0.15978354978354978
2017-07-11,going,0.15978354978354978
2017-07-11,million,0.15978354978354978
2017-07-11,wallets,0.15978354978354978
2017-07-10,solutions,0.050852272727272725
2017-07-10,sets,0.050852272727272725
2017-07-10,social,0.050852272727272725
2017-07-10,areas,0.050852272727272725
2017-07-10,groups,0.050852272727272725
2017-07-10,organisations,0.050852272727272725
2017-07-10,consensys,0.050852272727272725
2017-07-10,coalition,0.050852272727272725
2017-07-10,blockchain,0.050852272727272725
2017-07-10,impact,0.050852272727272725
2017-07-10,group,0.050852272727272725
2017-07-10,humanitarian,0.050852272727272725
2017-07-07,join,0.12954545454545455
2017-07-07,swift,0.12954545454545455
2017-07-07,swifts,0.12954545454545455
2017-07-07,global,0.12954545454545455
2017-07-07,gpi,0.12954545454545455
2017-07-07,account,0.12954545454545455
2017-07-07,banks,0.12954545454545455
2017-07-07,poc,0.12954545454545455
2017-07-07,blockchain,0.12954545454545455
2017-07-07,real,0.12954545454545455
2017-07-07,22,0.12954545454545455
2017-07-07,application,0.12954545454545455
2017-07-06,property,0.08839285714285713
2017-07-06,tokens,0.08839285714285713
2017-07-06,transfers,0.08839285714285713
2017-07-06,pro,0.08839285714285713
2017-07-06,platform,0.08839285714285713
2017-07-06,international,0.08839285714285713
2017-07-06,launched,0.08839285714285713
2017-07-06,p2p,0.08839285714285713
2017-07-06,exchange,0.08839285714285713
2017-07-06,real,0.08839285714285713
2017-07-06,estate,0.08839285714285713
2017-07-06,transactions,0.08839285714285713
2017-07-06,propy,0.08839285714285713
2017-07-05,revolution,0.0536038961038961
2017-07-05,organise,0.0536038961038961
2017-07-05,world,0.0536038961038961
2017-07-05,governance,0.0536038961038961
2017-07-05,forum,0.0536038961038961
2017-07-05,stakeholders,0.0536038961038961
2017-07-05,economic,0.0536038961038961
2017-07-05,wef,0.0536038961038961
2017-07-05,technology,0.0536038961038961
2017-07-05,blockchain,0.0536038961038961
2017-07-05,internet,0.0536038961038961
2017-07-05,urges,0.0536038961038961
2017-07-05,report,0.0536038961038961
2017-07-05,standards,0.0536038961038961
2017-07-05,networks,0.0536038961038961
2017-07-04,affect,0.09801587301587301
2017-07-04,devices,0.09801587301587301
2017-07-04,software,0.09801587301587301
2017-07-04,health,0.09801587301587301
2017-07-04,save,0.09801587301587301
2017-07-04,data,0.09801587301587301
2017-07-04,security,0.09801587301587301
2017-07-04,sullivan,0.09801587301587301
2017-07-04,blockchain,0.09801587301587301
2017-07-04,report,0.09801587301587301
2017-07-04,healthcare,0.09801587301587301
2017-07-04,industry,0.09801587301587301
2017-07-03,tokens,0.2638888888888889
2017-07-03,raises,0.2638888888888889
2017-07-03,185,0.2638888888888889
2017-07-03,software,0.2638888888888889
2017-07-03,eos,0.2638888888888889
2017-07-03,token,0.2638888888888889
2017-07-03,support,0.2638888888888889
2017-07-03,blockone,0.2638888888888889
2017-07-03,yearlong,0.2638888888888889
2017-07-03,company,0.2638888888888889
2017-07-03,days,0.2638888888888889
2017-07-03,applications,0.2638888888888889
2017-07-03,distribution,0.2638888888888889
2017-07-03,million,0.2638888888888889
2017-06-30,way,0.11626984126984129
2017-06-30,survey,0.11626984126984129
2017-06-30,used,0.11626984126984129
2017-06-30,personal,0.11626984126984129
2017-06-30,adopt,0.11626984126984129
2017-06-30,leaders,0.11626984126984129
2017-06-30,access,0.11626984126984129
2017-06-30,patients,0.11626984126984129
2017-06-30,technology,0.11626984126984129
2017-06-30,data,0.11626984126984129
2017-06-30,blockchain,0.11626984126984129
2017-06-30,believe,0.11626984126984129
2017-06-30,science,0.11626984126984129
2017-06-30,life,0.11626984126984129
2017-06-30,industry,0.11626984126984129
2017-06-29,public,0.23619047619047617
2017-06-29,test,0.23619047619047617
2017-06-29,contract,0.23619047619047617
2017-06-29,platform,0.23619047619047617
2017-06-29,applications,0.23619047619047617
2017-06-29,proofofstake,0.23619047619047617
2017-06-29,blockchain,0.23619047619047617
2017-06-29,smart,0.23619047619047617
2017-06-29,virtual,0.23619047619047617
2017-06-29,machine,0.23619047619047617
2017-06-29,developers,0.23619047619047617
2017-06-29,contracts,0.23619047619047617
2017-06-28,purchase,0.25961538461538464
2017-06-28,expands,0.25961538461538464
2017-06-28,sell,0.25961538461538464
2017-06-28,cryptocurrency,0.25961538461538464
2017-06-28,members,0.25961538461538464
2017-06-28,company,0.25961538461538464
2017-06-28,platform,0.25961538461538464
2017-06-28,exchange,0.25961538461538464
2017-06-28,bitcoin,0.25961538461538464
2017-06-28,popular,0.25961538461538464
2017-06-28,step,0.25961538461538464
2017-06-28,payza,0.25961538461538464
2017-06-27,finance,0.08074866310160428
2017-06-27,trading,0.08074866310160428
2017-06-27,ibm,0.08074866310160428
2017-06-27,access,0.08074866310160428
2017-06-27,select,0.08074866310160428
2017-06-27,banks,0.08074866310160428
2017-06-27,sme,0.08074866310160428
2017-06-27,consortium,0.08074866310160428
2017-06-27,major,0.08074866310160428
2017-06-27,platform,0.08074866310160428
2017-06-27,blockchain,0.08074866310160428
2017-06-27,trade,0.08074866310160428
2017-06-27,smes,0.08074866310160428
2017-06-27,transaction,0.08074866310160428
2017-06-27,chain,0.08074866310160428
2017-06-27,european,0.08074866310160428
2017-06-26,mcafee,-0.05277777777777778
2017-06-26,investments,-0.05277777777777778
2017-06-26,computers,-0.05277777777777778
2017-06-26,world,-0.05277777777777778
2017-06-26,announced,-0.05277777777777778
2017-06-26,moves,-0.05277777777777778
2017-06-26,mining,-0.05277777777777778
2017-06-26,john,-0.05277777777777778
2017-06-26,zcashcommenting,-0.05277777777777778
2017-06-26,company,-0.05277777777777778
2017-06-26,yeargrayscale,-0.05277777777777778
2017-06-26,ethereum,-0.05277777777777778
2017-06-23,whatsapp,0.12456140350877193
2017-06-23,messenger,0.12456140350877193
2017-06-23,messaging,0.12456140350877193
2017-06-23,vulnerabilities,0.12456140350877193
2017-06-23,half,0.12456140350877193
2017-06-23,solve,0.12456140350877193
2017-06-23,public,0.12456140350877193
2017-06-23,data,0.12456140350877193
2017-06-23,app,0.12456140350877193
2017-06-23,blockchain,0.12456140350877193
2017-06-23,maninthemiddle,0.12456140350877193
2017-06-23,users,0.12456140350877193
2017-06-23,telegram,0.12456140350877193
2017-06-23,place,0.12456140350877193
2017-06-22,price,0.06931216931216931
2017-06-22,system,0.06931216931216931
2017-06-22,software,0.06931216931216931
2017-06-22,eos,0.06931216931216931
2017-06-22,token,0.06931216931216931
2017-06-22,announces,0.06931216931216931
2017-06-22,yearlong,0.06931216931216931
2017-06-22,company,0.06931216931216931
2017-06-22,similar,0.06931216931216931
2017-06-22,blockchain,0.06931216931216931
2017-06-22,sold,0.06931216931216931
2017-06-22,applications,0.06931216931216931
2017-06-22,distribution,0.06931216931216931
2017-06-22,operating,0.06931216931216931
2017-06-21,financial,0.05241755793226381
2017-06-21,services,0.05241755793226381
2017-06-21,transfers,0.05241755793226381
2017-06-21,document,0.05241755793226381
2017-06-21,cbdcs,0.05241755793226381
2017-06-21,payments,0.05241755793226381
2017-06-21,bank,0.05241755793226381
2017-06-21,technology,0.05241755793226381
2017-06-21,digital,0.05241755793226381
2017-06-21,central,0.05241755793226381
2017-06-21,currencies,0.05241755793226381
2017-06-21,cbdc,0.05241755793226381
2017-06-21,horizon,0.05241755793226381
2017-06-20,refugees,0.13165289256198345
2017-06-20,accenture,0.13165289256198345
2017-06-20,develop,0.13165289256198345
2017-06-20,system,0.13165289256198345
2017-06-20,blockchainbased,0.13165289256198345
2017-06-20,identity,0.13165289256198345
2017-06-20,prototype,0.13165289256198345
2017-06-20,microsoft,0.13165289256198345
2017-06-20,data,0.13165289256198345
2017-06-20,platform,0.13165289256198345
2017-06-20,digitalidentity,0.13165289256198345
2017-06-20,private,0.13165289256198345
2017-06-20,id2020,0.13165289256198345
2017-06-20,create,0.13165289256198345
2017-06-20,information,0.13165289256198345
2017-06-20,solution,0.13165289256198345
2017-06-16,need,0.10689872968561492
2017-06-16,needs,0.10689872968561492
2017-06-16,don,0.10689872968561492
2017-06-16,iot,0.10689872968561492
2017-06-16,know,0.10689872968561492
2017-06-16,data,0.10689872968561492
2017-06-16,privacy,0.10689872968561492
2017-06-16,things,0.10689872968561492
2017-06-16,internet,0.10689872968561492
2017-06-16,blockchain,0.10689872968561492
2017-06-16,smart,0.10689872968561492
2017-06-16,tapscott,0.10689872968561492
2017-06-16,ledger,0.10689872968561492
2017-06-16,business,0.11445564669248877
2017-06-16,payment,0.11445564669248877
2017-06-16,powered,0.11445564669248877
2017-06-16,announced,0.11445564669248877
2017-06-16,multinational,0.11445564669248877
2017-06-16,insurance,0.11445564669248877
2017-06-16,contract,0.11445564669248877
2017-06-16,technology,0.11445564669248877
2017-06-16,blockchain,0.11445564669248877
2017-06-16,policy,0.11445564669248877
2017-06-16,smart,0.11445564669248877
2017-06-16,contracts,0.11445564669248877
2017-06-15,oracle,0.14544435956200663
2017-06-15,iq,0.14544435956200663
2017-06-15,thomson,0.14544435956200663
2017-06-15,blockone,0.14544435956200663
2017-06-15,community,0.14544435956200663
2017-06-15,market,0.14544435956200663
2017-06-15,data,0.14544435956200663
2017-06-15,strategy,0.14544435956200663
2017-06-15,blockchain,0.14544435956200663
2017-06-15,smart,0.14544435956200663
2017-06-15,innovation,0.14544435956200663
2017-06-15,applications,0.14544435956200663
2017-06-15,makes,0.14544435956200663
2017-06-15,available,0.14544435956200663
2017-06-15,developer,0.14544435956200663
2017-06-14,jordan,0.08742424242424242
2017-06-14,refugees,0.08742424242424242
2017-06-14,assistance,0.08742424242424242
2017-06-14,nations,0.08742424242424242
2017-06-14,syrian,0.08742424242424242
2017-06-14,scheme,0.08742424242424242
2017-06-14,currently,0.08742424242424242
2017-06-14,extends,0.08742424242424242
2017-06-14,cash,0.08742424242424242
2017-06-14,blockchain,0.08742424242424242
2017-06-14,transaction,0.08742424242424242
2017-06-14,pilot,0.08742424242424242
2017-06-14,united,0.08742424242424242
2017-06-14,wfp,0.08742424242424242
2017-06-14,refugee,0.08742424242424242
2017-06-13,work,0.08658730158730159
2017-06-13,potential,0.08658730158730159
2017-06-13,world,0.08658730158730159
2017-06-13,state,0.08658730158730159
2017-06-13,forms,0.08658730158730159
2017-06-13,research,0.08658730158730159
2017-06-13,tech,0.08658730158730159
2017-06-13,technology,0.08658730158730159
2017-06-13,statement,0.08658730158730159
2017-06-13,blockchain,0.08658730158730159
2017-06-13,working,0.08658730158730159
2017-06-13,group,0.08658730158730159
2017-06-13,department,0.08658730158730159
2017-06-12,joins,0.22575757575757577
2017-06-12,coindash,0.22575757575757577
2017-06-12,capital,0.22575757575757577
2017-06-12,fund,0.22575757575757577
2017-06-12,assets,0.22575757575757577
2017-06-12,platform,0.22575757575757577
2017-06-12,companies,0.22575757575757577
2017-06-12,team,0.22575757575757577
2017-06-12,blockchain,0.22575757575757577
2017-06-12,digital,0.22575757575757577
2017-06-12,hyperchain,0.22575757575757577
2017-06-12,forces,0.22575757575757577
2017-06-12,upcoming,0.22575757575757577
2017-06-09,trading,0.18726150392817062
2017-06-09,launches,0.18726150392817062
2017-06-09,cryptocurrency,0.18726150392817062
2017-06-09,strategies,0.18726150392817062
2017-06-09,rebalanced,0.18726150392817062
2017-06-09,investments,0.18726150392817062
2017-06-09,market,0.18726150392817062
2017-06-09,tool,0.18726150392817062
2017-06-09,investment,0.18726150392817062
2017-06-09,etoro,0.18726150392817062
2017-06-09,cryptocurrencies,0.18726150392817062
2017-06-09,users,0.18726150392817062
2017-06-09,invest,0.18726150392817062
2017-06-09,times,0.18726150392817062
2017-06-08,launches,0.08782106782106783
2017-06-08,financial,0.08782106782106783
2017-06-08,tokens,0.08782106782106783
2017-06-08,estonianswiss,0.08782106782106783
2017-06-08,cryptobank,0.08782106782106783
2017-06-08,polybius,0.08782106782106783
2017-06-08,look,0.08782106782106783
2017-06-08,model,0.08782106782106783
2017-06-08,bank,0.08782106782106783
2017-06-08,ico,0.08782106782106783
2017-06-08,investment,0.08782106782106783
2017-06-08,blockchain,0.08782106782106783
2017-06-08,institution,0.08782106782106783
2017-06-08,project,0.08782106782106783
2017-06-07,price,0.11454545454545455
2017-06-07,cryptocurrency,0.11454545454545455
2017-06-07,yearsaccording,0.11454545454545455
2017-06-07,market,0.11454545454545455
2017-06-07,965,0.11454545454545455
2017-06-07,yeartodate,0.11454545454545455
2017-06-07,recent,0.11454545454545455
2017-06-07,ethereum,0.11454545454545455
2017-06-07,bitcoin,0.11454545454545455
2017-06-07,reaches,0.11454545454545455
2017-06-07,billion,0.11454545454545455
2017-06-07,continued,0.11454545454545455
2017-06-02,business,0.14367283950617285
2017-06-02,joins,0.14367283950617285
2017-06-02,nec,0.14367283950617285
2017-06-02,member,0.14367283950617285
2017-06-02,premier,0.14367283950617285
2017-06-02,expertise,0.14367283950617285
2017-06-02,technical,0.14367283950617285
2017-06-02,support,0.14367283950617285
2017-06-02,corporation,0.14367283950617285
2017-06-02,technology,0.14367283950617285
2017-06-02,blockchain,0.14367283950617285
2017-06-02,systems,0.14367283950617285
2017-06-02,project,0.14367283950617285
2017-06-02,hyperledger,0.14367283950617285
2017-06-01,activities,0.09586038961038962
2017-06-01,simple,0.09586038961038962
2017-06-01,jaxx,0.09586038961038962
2017-06-01,aspires,0.09586038961038962
2017-06-01,wallet,0.09586038961038962
2017-06-01,projects,0.09586038961038962
2017-06-01,blockchainrelated,0.09586038961038962
2017-06-01,command,0.09586038961038962
2017-06-01,universal,0.09586038961038962
2017-06-01,qtum,0.09586038961038962
2017-06-01,centre,0.09586038961038962
2017-06-01,blockchain,0.09586038961038962
2017-06-01,digital,0.09586038961038962
2017-06-01,usercontrolled,0.09586038961038962
2017-06-01,platforms,0.09586038961038962
2017-06-01,rsk,0.09586038961038962
2017-05-26,food,0.18980392156862744
2017-05-26,ethereumbased,0.18980392156862744
2017-05-26,producers,0.18980392156862744
2017-05-26,system,0.18980392156862744
2017-05-26,fees,0.18980392156862744
2017-05-26,farmers,0.18980392156862744
2017-05-26,platform,0.18980392156862744
2017-05-26,owlting,0.18980392156862744
2017-05-26,launched,0.18980392156862744
2017-05-26,product,0.18980392156862744
2017-05-26,provenance,0.18980392156862744
2017-05-26,information,0.18980392156862744
2017-05-26,supply,0.18980392156862744
2017-05-26,focus,0.18980392156862744
2017-05-25,way,-0.034553872053872066
2017-05-25,twitter,-0.034553872053872066
2017-05-25,user,-0.034553872053872066
2017-05-25,sms,-0.034553872053872066
2017-05-25,moneybadger,-0.034553872053872066
2017-05-25,send,-0.034553872053872066
2017-05-25,email,-0.034553872053872066
2017-05-25,receive,-0.034553872053872066
2017-05-25,states,-0.034553872053872066
2017-05-25,bitcoin,-0.034553872053872066
2017-05-25,users,-0.034553872053872066
2017-05-25,transactions,-0.034553872053872066
2017-05-25,money,-0.034553872053872066
2017-05-24,vehicles,0.18718820861678004
2017-05-24,autonomous,0.18718820861678004
2017-05-24,share,0.18718820861678004
2017-05-24,driving,0.18718820861678004
2017-05-24,institute,0.18718820861678004
2017-05-24,research,0.18718820861678004
2017-05-24,tech,0.18718820861678004
2017-05-24,vehicle,0.18718820861678004
2017-05-24,toyota,0.18718820861678004
2017-05-24,exploring,0.18718820861678004
2017-05-24,insurance,0.18718820861678004
2017-05-24,data,0.18718820861678004
2017-05-24,blockchain,0.18718820861678004
2017-05-24,reduce,0.18718820861678004
2017-05-24,create,0.18718820861678004
2017-05-23,graduates,0.17397959183673467
2017-05-23,iroha,0.17397959183673467
2017-05-23,sawtooth,0.17397959183673467
2017-05-23,projects,0.17397959183673467
2017-05-23,reusable,0.17397959183673467
2017-05-23,active,0.17397959183673467
2017-05-23,incubation,0.17397959183673467
2017-05-23,status,0.17397959183673467
2017-05-23,post,0.17397959183673467
2017-05-23,enterprise,0.17397959183673467
2017-05-23,project,0.17397959183673467
2017-05-23,hyperledger,0.17397959183673467
2017-05-23,place,0.17397959183673467
2017-05-22,business,0.050476992143658805
2017-05-22,survey,0.050476992143658805
2017-05-22,using,0.050476992143658805
2017-05-22,ibm,0.050476992143658805
2017-05-22,potential,0.050476992143658805
2017-05-22,executives,0.050476992143658805
2017-05-22,model,0.050476992143658805
2017-05-22,exploring,0.050476992143658805
2017-05-22,technology,0.050476992143658805
2017-05-22,blockchain,0.050476992143658805
2017-05-22,csuite,0.050476992143658805
2017-05-19,insurancecom,0.375
2017-05-19,zugyou,0.375
2017-05-19,free,0.375
2017-05-19,winners,0.375
2017-05-19,offers,0.375
2017-05-19,space,0.375
2017-05-19,lakeside,0.375
2017-05-19,insurance,0.375
2017-05-19,blockchain,0.375
2017-05-19,100000,0.375
2017-05-19,innovation,0.375
2017-05-19,prize,0.375
2017-05-19,competition,0.375
2017-05-19,office,0.375
2017-05-19,money,0.375
2017-05-19,industry,0.375
2017-05-18,costs,0.05249675324675325
2017-05-18,90,0.05249675324675325
2017-05-18,markets,0.05249675324675325
2017-05-18,bond,0.05249675324675325
2017-05-18,legal,0.05249675324675325
2017-05-18,platform,0.05249675324675325
2017-05-18,converted,0.05249675324675325
2017-05-18,smart,0.05249675324675325
2017-05-18,smes,0.05249675324675325
2017-05-18,reduce,0.05249675324675325
2017-05-18,wants,0.05249675324675325
2017-05-18,issuance,0.05249675324675325
2017-05-18,docs,0.05249675324675325
2017-05-18,contracts,0.05249675324675325
2017-05-17,steemit,0.20645943562610233
2017-05-17,content,0.20645943562610233
2017-05-17,user,0.20645943562610233
2017-05-17,social,0.20645943562610233
2017-05-17,change,0.20645943562610233
2017-05-17,media,0.20645943562610233
2017-05-17,company,0.20645943562610233
2017-05-17,platform,0.20645943562610233
2017-05-17,blockchain,0.20645943562610233
2017-05-17,steam,0.20645943562610233
2017-05-17,users,0.20645943562610233
2017-05-17,space,0.20645943562610233
2017-05-17,value,0.20645943562610233
2017-05-16,business,0.03155289832119101
2017-05-16,models,0.03155289832119101
2017-05-16,fake,0.03155289832119101
2017-05-16,problem,0.03155289832119101
2017-05-16,user,0.03155289832119101
2017-05-16,ranking,0.03155289832119101
2017-05-16,incentives,0.03155289832119101
2017-05-16,solve,0.03155289832119101
2017-05-16,algorithms,0.03155289832119101
2017-05-16,words,0.03155289832119101
2017-05-16,userfeed,0.03155289832119101
2017-05-16,blockchain,0.03155289832119101
2017-05-16,olpinski,0.03155289832119101
2017-05-15,luxembourg,0.11235698824984539
2017-05-15,services,0.11235698824984539
2017-05-15,personal,0.11235698824984539
2017-05-15,luxtrust,0.11235698824984539
2017-05-15,solution,0.11235698824984539
2017-05-15,cambridge,0.11235698824984539
2017-05-15,trust,0.11235698824984539
2017-05-15,firm,0.11235698824984539
2017-05-15,data,0.11235698824984539
2017-05-15,platform,0.11235698824984539
2017-05-15,governmentbacked,0.11235698824984539
2017-05-15,blockchain,0.11235698824984539
2017-05-15,digital,0.11235698824984539
2017-05-15,launch,0.11235698824984539
2017-05-15,identities,0.11235698824984539
2017-05-15,european,0.11235698824984539
2017-05-15,identity,0.11235698824984539
2017-05-12,financial,-0.04381313131313132
2017-05-12,customer,-0.04381313131313132
2017-05-12,identification,-0.04381313131313132
2017-05-12,services,-0.04381313131313132
2017-05-12,ai,-0.04381313131313132
2017-05-12,system,-0.04381313131313132
2017-05-12,process,-0.04381313131313132
2017-05-12,bank,-0.04381313131313132
2017-05-12,data,-0.04381313131313132
2017-05-12,signzy,-0.04381313131313132
2017-05-12,platform,-0.04381313131313132
2017-05-12,blockchain,-0.04381313131313132
2017-05-12,verification,-0.04381313131313132
2017-05-12,indian,-0.04381313131313132
2017-05-12,collide,-0.04381313131313132
2017-05-12,information,-0.04381313131313132
2017-05-12,streamline,-0.04381313131313132
2017-05-11,sawtooth,0.012409812409812407
2017-05-11,technology,0.012409812409812407
2017-05-11,data,0.012409812409812407
2017-05-11,contract,0.012409812409812407
2017-05-11,supply,0.012409812409812407
2017-05-11,announce,0.012409812409812407
2017-05-11,blockchain,0.012409812409812407
2017-05-11,smart,0.012409812409812407
2017-05-11,intel,0.012409812409812407
2017-05-11,healthcare,0.012409812409812407
2017-05-11,pokitdok,0.012409812409812407
2017-05-11,hyperledger,0.012409812409812407
2017-05-11,solution,0.012409812409812407
2017-05-10,financial,0.12112299465240639
2017-05-10,potential,0.12112299465240639
2017-05-10,payment,0.12112299465240639
2017-05-10,boe,0.12112299465240639
2017-05-10,system,0.12112299465240639
2017-05-10,sterling,0.12112299465240639
2017-05-10,england,0.12112299465240639
2017-05-10,resilient,0.12112299465240639
2017-05-10,bank,0.12112299465240639
2017-05-10,method,0.12112299465240639
2017-05-10,blockchain,0.12112299465240639
2017-05-10,rtgs,0.12112299465240639
2017-05-10,interface,0.12112299465240639
2017-05-10,opens,0.12112299465240639
2017-05-10,payments,0.12112299465240639
2017-05-10,ledger,0.12112299465240639
2017-05-09,cosmos,0.06860119047619048
2017-05-09,network,0.06860119047619048
2017-05-09,looking,0.06860119047619048
2017-05-09,order,0.06860119047619048
2017-05-09,platform,0.06860119047619048
2017-05-09,team,0.06860119047619048
2017-05-09,internet,0.06860119047619048
2017-05-09,blockchains,0.06860119047619048
2017-05-09,boscoin,0.06860119047619048
2017-05-09,create,0.06860119047619048
2017-05-09,tendermint,0.06860119047619048
2017-05-09,ledgers,0.06860119047619048
2017-05-08,transform,0.18026406926406927
2017-05-08,faces,0.18026406926406927
2017-05-08,barriers,0.18026406926406927
2017-05-08,potential,0.18026406926406927
2017-05-08,iot,0.18026406926406927
2017-05-08,research,0.18026406926406927
2017-05-08,technology,0.18026406926406927
2017-05-08,menting,0.18026406926406927
2017-05-08,number,0.18026406926406927
2017-05-08,blockchain,0.18026406926406927
2017-05-08,report,0.18026406926406927
2017-05-08,applications,0.18026406926406927
2017-05-08,transactions,0.18026406926406927
2017-05-08,growth,0.18026406926406927
2017-05-04,guardtime,0.16196969696969696
2017-05-04,incorporate,0.16196969696969696
2017-05-04,martin,0.16196969696969696
2017-05-04,development,0.16196969696969696
2017-05-04,contractor,0.16196969696969696
2017-05-04,lockheed,0.16196969696969696
2017-05-04,technology,0.16196969696969696
2017-05-04,federal,0.16196969696969696
2017-05-04,blockchain,0.16196969696969696
2017-05-04,defence,0.16196969696969696
2017-05-04,cyber,0.16196969696969696
2017-05-04,systems,0.16196969696969696
2017-05-04,project,0.16196969696969696
2017-05-03,global,0.08812887562887561
2017-05-03,ibm,0.08812887562887561
2017-05-03,ocean,0.08812887562887561
2017-05-03,transport,0.08812887562887561
2017-05-03,goods,0.08812887562887561
2017-05-03,release,0.08812887562887561
2017-05-03,trade,0.08812887562887561
2017-05-03,chain,0.08812887562887561
2017-05-03,maersk,0.08812887562887561
2017-05-03,industry,0.08812887562887561
2017-05-03,shipping,0.08812887562887561
2017-05-03,supply,0.08812887562887561
2017-05-03,solution,0.08812887562887561
2017-05-02,supporting,0.10226038159371494
2017-05-02,trial,0.10226038159371494
2017-05-02,development,0.10226038159371494
2017-05-02,financial,0.10226038159371494
2017-05-02,system,0.10226038159371494
2017-05-02,world,0.10226038159371494
2017-05-02,access,0.10226038159371494
2017-05-02,bank,0.10226038159371494
2017-05-02,technology,0.10226038159371494
2017-05-02,blockchain,0.10226038159371494
2017-05-02,kenyan,0.10226038159371494
2017-05-02,bonds,0.10226038159371494
2017-05-02,issuance,0.10226038159371494
2017-04-28,mediachain,0.22629870129870128
2017-04-28,spotify,0.22629870129870128
2017-04-28,transparent,0.22629870129870128
2017-04-28,music,0.22629870129870128
2017-04-28,acquires,0.22629870129870128
2017-04-28,data,0.22629870129870128
2017-04-28,company,0.22629870129870128
2017-04-28,creators,0.22629870129870128
2017-04-28,blockchain,0.22629870129870128
2017-04-28,open,0.22629870129870128
2017-04-28,startup,0.22629870129870128
2017-04-28,industry,0.22629870129870128
2017-04-27,work,0.12329192546583849
2017-04-27,launches,0.12329192546583849
2017-04-27,assistance,0.12329192546583849
2017-04-27,blockchainbased,0.12329192546583849
2017-04-27,technology,0.12329192546583849
2017-04-27,rfi,0.12329192546583849
2017-04-27,international,0.12329192546583849
2017-04-27,blockchain,0.12329192546583849
2017-04-27,request,0.12329192546583849
2017-04-27,unops,0.12329192546583849
2017-04-27,information,0.12329192546583849
2017-04-27,wfp,0.12329192546583849
2017-04-27,place,0.12329192546583849
2017-04-25,concludes,0.15080782312925164
2017-04-25,price,0.15080782312925164
2017-04-25,worth,0.15080782312925164
2017-04-25,tokens,0.15080782312925164
2017-04-25,token,0.15080782312925164
2017-04-25,designed,0.15080782312925164
2017-04-25,market,0.15080782312925164
2017-04-25,sale,0.15080782312925164
2017-04-25,minutes,0.15080782312925164
2017-04-25,recent,0.15080782312925164
2017-04-25,launch,0.15080782312925164
2017-04-25,gnosis,0.15080782312925164
2017-04-25,15,0.15080782312925164
2017-04-25,million,0.15080782312925164
2017-04-24,cloud,0.20427083333333332
2017-04-24,token,0.20427083333333332
2017-04-24,storj,0.20427083333333332
2017-04-24,sale,0.20427083333333332
2017-04-24,company,0.20427083333333332
2017-04-24,announce,0.20427083333333332
2017-04-24,ethereum,0.20427083333333332
2017-04-24,network,0.20427083333333332
2017-04-24,storage,0.20427083333333332
2017-04-24,community,0.20427083333333332
2017-04-24,labs,0.20427083333333332
2017-04-21,farmer,0.05809483726150393
2017-04-21,join,0.05809483726150393
2017-04-21,partnership,0.05809483726150393
2017-04-21,humaniq,0.05809483726150393
2017-04-21,financial,0.05809483726150393
2017-04-21,services,0.05809483726150393
2017-04-21,global,0.05809483726150393
2017-04-21,simple,0.05809483726150393
2017-04-21,deloitte,0.05809483726150393
2017-04-21,company,0.05809483726150393
2017-04-21,launched,0.05809483726150393
2017-04-21,forces,0.05809483726150393
2017-04-21,inclusion,0.05809483726150393
2017-04-21,startup,0.05809483726150393
2017-04-20,services,0.15641620284477425
2017-04-20,securities,0.15641620284477425
2017-04-20,process,0.15641620284477425
2017-04-20,fund,0.15641620284477425
2017-04-20,platform,0.15641620284477425
2017-04-20,blockchain,0.15641620284477425
2017-04-20,managers,0.15641620284477425
2017-04-20,paribas,0.15641620284477425
2017-04-20,information,0.15641620284477425
2017-04-20,uses,0.15641620284477425
2017-04-20,distribution,0.15641620284477425
2017-04-20,bnp,0.15641620284477425
2017-04-20,registration,0.0913131313131313
2017-04-20,using,0.0913131313131313
2017-04-20,progresses,0.0913131313131313
2017-04-20,iot,0.0913131313131313
2017-04-20,protocol,0.0913131313131313
2017-04-20,ecosystem,0.0913131313131313
2017-04-20,common,0.0913131313131313
2017-04-20,blockchain,0.0913131313131313
2017-04-20,thing,0.0913131313131313
2017-04-20,identities,0.0913131313131313
2017-04-20,cryptographic,0.0913131313131313
2017-04-20,systems,0.0913131313131313
2017-04-20,secure,0.0913131313131313
2017-04-18,financial,0.07703933747412008
2017-04-18,services,0.07703933747412008
2017-04-18,eu,0.07703933747412008
2017-04-18,examine,0.07703933747412008
2017-04-18,issues,0.07703933747412008
2017-04-18,regulatory,0.07703933747412008
2017-04-18,focused,0.07703933747412008
2017-04-18,market,0.07703933747412008
2017-04-18,introduce,0.07703933747412008
2017-04-18,blockchain,0.07703933747412008
2017-04-18,looks,0.07703933747412008
2017-04-18,commission,0.07703933747412008
2017-04-18,wants,0.07703933747412008
2017-04-18,fintech,0.07703933747412008
2017-04-18,european,0.07703933747412008
2017-04-13,transform,0.17972027972027968
2017-04-13,global,0.17972027972027968
2017-04-13,payment,0.17972027972027968
2017-04-13,coffee,0.17972027972027968
2017-04-13,technology,0.17972027972027968
2017-04-13,quality,0.17972027972027968
2017-04-13,looks,0.17972027972027968
2017-04-13,collect,0.17972027972027968
2017-04-13,chain,0.17972027972027968
2017-04-13,analyse,0.17972027972027968
2017-04-13,payments,0.17972027972027968
2017-04-13,supply,0.17972027972027968
2017-04-13,bext360,0.17972027972027968
2017-04-11,nodes,0.12216117216117216
2017-04-11,bgp,0.12216117216117216
2017-04-11,isps,0.12216117216117216
2017-04-11,research,0.12216117216117216
2017-04-11,bitcoins,0.12216117216117216
2017-04-11,security,0.12216117216117216
2017-04-11,internet,0.12216117216117216
2017-04-11,kinds,0.12216117216117216
2017-04-11,bitcoin,0.12216117216117216
2017-04-11,threat,0.12216117216117216
2017-04-11,routing,0.12216117216117216
2017-04-11,attacks,0.12216117216117216
2017-04-11,attack,0.12216117216117216
2017-04-11,delay,0.12216117216117216
2017-04-10,improve,0.15187165775401068
2017-04-10,shared,0.15187165775401068
2017-04-10,chief,0.15187165775401068
2017-04-10,system,0.15187165775401068
2017-04-10,efficiency,0.15187165775401068
2017-04-10,music,0.15187165775401068
2017-04-10,world,0.15187165775401068
2017-04-10,executive,0.15187165775401068
2017-04-10,copyright,0.15187165775401068
2017-04-10,data,0.15187165775401068
2017-04-10,blockchain,0.15187165775401068
2017-04-10,digital,0.15187165775401068
2017-04-10,looks,0.15187165775401068
2017-04-10,musicians,0.15187165775401068
2017-04-10,royalty,0.15187165775401068
2017-04-10,society,0.15187165775401068
2017-04-10,project,0.15187165775401068
2017-04-07,registry,0.3220588235294118
2017-04-07,launches,0.3220588235294118
2017-04-07,property,0.3220588235294118
2017-04-07,using,0.3220588235294118
2017-04-07,ubitquity,0.3220588235294118
2017-04-07,records,0.3220588235294118
2017-04-07,blockchain,0.3220588235294118
2017-04-07,record,0.3220588235294118
2017-04-07,pilot,0.3220588235294118
2017-04-07,real,0.3220588235294118
2017-04-07,estate,0.3220588235294118
2017-04-07,recordkeeping,0.3220588235294118
2017-04-07,project,0.3220588235294118
2017-04-07,brazil,0.3220588235294118
2017-04-06,tokenized,0.3246775446775446
2017-04-06,lebeau,0.3246775446775446
2017-04-06,launches,0.3246775446775446
2017-04-06,singulardtv,0.3246775446775446
2017-04-06,partnerships,0.3246775446775446
2017-04-06,rare,0.3246775446775446
2017-04-06,lab,0.3246775446775446
2017-04-06,research,0.3246775446775446
2017-04-06,ecosystems,0.3246775446775446
2017-04-06,blockchain,0.3246775446775446
2017-04-06,great,0.3246775446775446
2017-04-06,entertainment,0.3246775446775446
2017-04-06,spread,0.3246775446775446
2017-04-05,business,0.17163917163917164
2017-04-05,way,0.17163917163917164
2017-04-05,ibm,0.17163917163917164
2017-04-05,gives,0.17163917163917164
2017-04-05,ceo,0.17163917163917164
2017-04-05,principles,0.17163917163917164
2017-04-05,technology,0.17163917163917164
2017-04-05,blockchain,0.17163917163917164
2017-04-05,transaction,0.17163917163917164
2017-04-05,adoption,0.17163917163917164
2017-04-05,network,0.17163917163917164
2017-04-05,believes,0.17163917163917164
2017-04-05,transactions,0.17163917163917164
2017-04-05,value,0.17163917163917164
2017-04-04,blockstream,0.13716108452950557
2017-04-04,launches,0.13716108452950557
2017-04-04,feature,0.13716108452950557
2017-04-04,financial,0.13716108452950557
2017-04-04,confidential,0.13716108452950557
2017-04-04,multiple,0.13716108452950557
2017-04-04,types,0.13716108452950557
2017-04-04,public,0.13716108452950557
2017-04-04,assets,0.13716108452950557
2017-04-04,privacy,0.13716108452950557
2017-04-04,asset,0.13716108452950557
2017-04-04,users,0.13716108452950557
2017-04-04,transactions,0.13716108452950557
2017-04-04,enterprise,0.13716108452950557
2017-04-04,customers,0.13716108452950557
2017-04-03,global,0.1385416666666667
2017-04-03,prescription,0.1385416666666667
2017-04-03,phase,0.1385416666666667
2017-04-03,meet,0.1385416666666667
2017-04-03,pharmaceutical,0.1385416666666667
2017-04-03,drugs,0.1385416666666667
2017-04-03,chronicled,0.1385416666666667
2017-04-03,blockchain,0.1385416666666667
2017-04-03,pilot,0.1385416666666667
2017-04-03,tracking,0.1385416666666667
2017-04-03,requirements,0.1385416666666667
2017-04-03,supply,0.1385416666666667
2017-03-31,work,0.22091836734693882
2017-03-31,suisse,0.22091836734693882
2017-03-31,symbiont,0.22091836734693882
2017-03-31,demonstrated,0.22091836734693882
2017-03-31,technology,0.22091836734693882
2017-03-31,market,0.22091836734693882
2017-03-31,blockchain,0.22091836734693882
2017-03-31,successfully,0.22091836734693882
2017-03-31,syndicated,0.22091836734693882
2017-03-31,loan,0.22091836734693882
2017-03-31,testing,0.22091836734693882
2017-03-31,solution,0.22091836734693882
2017-03-30,development,0.19886621315192746
2017-03-30,launches,0.19886621315192746
2017-03-30,technology,0.19886621315192746
2017-03-30,contract,0.19886621315192746
2017-03-30,platform,0.19886621315192746
2017-03-30,company,0.19886621315192746
2017-03-30,opportunity,0.19886621315192746
2017-03-30,smart,0.19886621315192746
2017-03-30,crowdsale,0.19886621315192746
2017-03-30,contracts,0.19886621315192746
2017-03-30,embermine,0.19886621315192746
2017-03-30,collaborative,0.19886621315192746
2017-03-30,james,0.19886621315192746
2017-03-28,received,0.20647058823529413
2017-03-28,apps,0.20647058823529413
2017-03-28,groups,0.20647058823529413
2017-03-28,token,0.20647058823529413
2017-03-28,apptrade,0.20647058823529413
2017-03-28,investment,0.20647058823529413
2017-03-28,portfolios,0.20647058823529413
2017-03-28,creators,0.20647058823529413
2017-03-28,blockchain,0.20647058823529413
2017-03-28,boost,0.20647058823529413
2017-03-28,kickstarter,0.20647058823529413
2017-03-28,100000,0.20647058823529413
2017-03-28,ito,0.20647058823529413
2017-03-28,openledger,0.20647058823529413
2017-03-28,gets,0.20647058823529413
2017-03-28,value,0.20647058823529413
2017-03-27,sign,0.1143867243867244
2017-03-27,humaniq,0.1143867243867244
2017-03-27,launches,0.1143867243867244
2017-03-27,using,0.1143867243867244
2017-03-27,services,0.1143867243867244
2017-03-27,initial,0.1143867243867244
2017-03-27,id,0.1143867243867244
2017-03-27,mobile,0.1143867243867244
2017-03-27,alpha,0.1143867243867244
2017-03-27,app,0.1143867243867244
2017-03-27,provide,0.1143867243867244
2017-03-27,initially,0.1143867243867244
2017-03-27,version,0.1143867243867244
2017-03-27,open,0.1143867243867244
2017-03-27,banking,0.1143867243867244
2017-03-24,fraud,0.1558982683982684
2017-03-24,support,0.1558982683982684
2017-03-24,metax,0.1558982683982684
2017-03-24,blockchain,0.1558982683982684
2017-03-24,launched,0.1558982683982684
2017-03-24,digital,0.1558982683982684
2017-03-24,provide,0.1558982683982684
2017-03-24,advertising,0.1558982683982684
2017-03-24,industry,0.1558982683982684
2017-03-24,resulting,0.1558982683982684
2017-03-24,supply,0.1558982683982684
2017-03-24,solution,0.1558982683982684
2017-03-24,joins,0.12759740259740257
2017-03-24,sap,0.12759740259740257
2017-03-24,joining,0.12759740259740257
2017-03-24,visibility,0.12759740259740257
2017-03-24,technology,0.12759740259740257
2017-03-24,stakeholders,0.12759740259740257
2017-03-24,blockchain,0.12759740259740257
2017-03-24,network,0.12759740259740257
2017-03-24,supply,0.12759740259740257
2017-03-24,community,0.12759740259740257
2017-03-24,risk,0.12759740259740257
2017-03-24,ariba,0.12759740259740257
2017-03-24,hyperledger,0.12759740259740257
2017-03-23,food,0.11875000000000001
2017-03-23,way,0.11875000000000001
2017-03-23,assistance,0.11875000000000001
2017-03-23,used,0.11875000000000001
2017-03-23,looking,0.11875000000000001
2017-03-23,transfers,0.11875000000000001
2017-03-23,world,0.11875000000000001
2017-03-23,test,0.11875000000000001
2017-03-23,programme,0.11875000000000001
2017-03-23,blockchain,0.11875000000000001
2017-03-23,hails,0.11875000000000001
2017-03-23,cash,0.11875000000000001
2017-03-23,wfp,0.11875000000000001
2017-03-23,success,0.11875000000000001
2017-03-22,proposes,0.11610863095238094
2017-03-22,bill,0.11610863095238094
2017-03-22,block,0.11610863095238094
2017-03-22,local,0.11610863095238094
2017-03-22,contract,0.11610863095238094
2017-03-22,person,0.11610863095238094
2017-03-22,legal,0.11610863095238094
2017-03-22,blockchain,0.11610863095238094
2017-03-22,text,0.11610863095238094
2017-03-22,record,0.11610863095238094
2017-03-22,tax,0.11610863095238094
2017-03-22,smart,0.11610863095238094
2017-03-22,nevada,0.11610863095238094
2017-03-22,transactions,0.11610863095238094
2017-03-22,signature,0.11610863095238094
2017-03-21,specific,0.12738636363636363
2017-03-21,global,0.12738636363636363
2017-03-21,ibm,0.12738636363636363
2017-03-21,institute,0.12738636363636363
2017-03-21,z,0.12738636363636363
2017-03-21,research,0.12738636363636363
2017-03-21,world,0.12738636363636363
2017-03-21,challenges,0.12738636363636363
2017-03-21,blockchain,0.12738636363636363
2017-03-21,launched,0.12738636363636363
2017-03-21,worlds,0.12738636363636363
2017-03-21,launches,0.15249939874939883
2017-03-21,ibm,0.15249939874939883
2017-03-21,network,0.15249939874939883
2017-03-21,tools,0.15249939874939883
2017-03-21,service,0.15249939874939883
2017-03-21,v10,0.15249939874939883
2017-03-21,allow,0.15249939874939883
2017-03-21,security,0.15249939874939883
2017-03-21,blockchain,0.15249939874939883
2017-03-21,secure,0.15249939874939883
2017-03-21,enterpriseready,0.15249939874939883
2017-03-21,networks,0.15249939874939883
2017-03-20,raida,0.0134635832004253
2017-03-20,confident,0.0134635832004253
2017-03-20,worthington,0.0134635832004253
2017-03-20,currency,0.0134635832004253
2017-03-20,technology,0.0134635832004253
2017-03-20,company,0.0134635832004253
2017-03-20,databases,0.0134635832004253
2017-03-20,integrity,0.0134635832004253
2017-03-20,blockchain,0.0134635832004253
2017-03-20,digital,0.0134635832004253
2017-03-20,bitcoin,0.0134635832004253
2017-03-20,cloudcoin,0.0134635832004253
2017-03-20,systems,0.0134635832004253
2017-03-20,overthrow,0.0134635832004253
2017-03-16,twilio,0.09684944684944684
2017-03-16,50m,0.09684944684944684
2017-03-16,aims,0.09684944684944684
2017-03-16,cases,0.09684944684944684
2017-03-16,venture,0.09684944684944684
2017-03-16,financial,0.09684944684944684
2017-03-16,capital,0.09684944684944684
2017-03-16,successful,0.09684944684944684
2017-03-16,fund,0.09684944684944684
2017-03-16,company,0.09684944684944684
2017-03-16,companies,0.09684944684944684
2017-03-16,blockchain,0.09684944684944684
2017-03-16,raise,0.09684944684944684
2017-03-16,proliferate,0.09684944684944684
2017-03-16,enterprise,0.09684944684944684
2017-03-15,nodes,0.09090909090909091
2017-03-15,amplify,0.09090909090909091
2017-03-15,solutions,0.09090909090909091
2017-03-15,work,0.09090909090909091
2017-03-15,services,0.09090909090909091
2017-03-15,kpmg,0.09090909090909091
2017-03-15,cases,0.09090909090909091
2017-03-15,clients,0.09090909090909091
2017-03-15,microsoft,0.09090909090909091
2017-03-15,technology,0.09090909090909091
2017-03-15,enable,0.09090909090909091
2017-03-15,blockchain,0.09090909090909091
2017-03-15,launch,0.09090909090909091
2017-03-06,accenture,0.16906839826839828
2017-03-06,invest,0.16906839826839828
2017-03-06,members,0.16906839826839828
2017-03-06,realworld,0.16906839826839828
2017-03-06,microsoft,0.16906839826839828
2017-03-06,bank,0.16906839826839828
2017-03-06,technology,0.16906839826839828
2017-03-06,blockchain,0.16906839826839828
2017-03-06,launched,0.16906839826839828
2017-03-06,ethereum,0.16906839826839828
2017-03-06,intel,0.16906839826839828
2017-03-06,forefront,0.16906839826839828
2017-03-06,alliance,0.16906839826839828
2017-03-06,production,0.16906839826839828
2017-03-06,enterprise,0.16906839826839828
2017-03-06,project,0.16906839826839828
2017-03-06,hyperledger,0.16906839826839828
2017-03-02,solutions,0.06396728271728272
2017-03-02,financial,0.06396728271728272
2017-03-02,customer,0.06396728271728272
2017-03-02,services,0.06396728271728272
2017-03-02,unique,0.06396728271728272
2017-03-02,challenges,0.06396728271728272
2017-03-02,future,0.06396728271728272
2017-03-02,institutions,0.06396728271728272
2017-03-02,technology,0.06396728271728272
2017-03-02,blockchain,0.06396728271728272
2017-03-02,present,0.06396728271728272
2017-03-02,report,0.06396728271728272
2017-03-02,study,0.06396728271728272
2017-03-02,argues,0.06396728271728272
2017-03-02,identity,0.06396728271728272
2017-02-24,startup,0.019117647058823538
2017-02-24,raises,0.019117647058823538
2017-02-24,seedfunding,0.019117647058823538
2017-02-24,health,0.019117647058823538
2017-02-24,help,0.019117647058823538
2017-02-24,coinfirm,0.019117647058823538
2017-02-24,ventures,0.019117647058823538
2017-02-24,platform,0.019117647058823538
2017-02-24,blockchain,0.019117647058823538
2017-02-24,led,0.019117647058823538
2017-02-24,raised,0.019117647058823538
2017-02-24,700000,0.019117647058823538
2017-02-24,round,0.019117647058823538
2017-02-24,hashed,0.019117647058823538
2017-02-24,banking,0.019117647058823538
2017-02-24,compliance,0.019117647058823538
2017-02-17,remote,0.12705650252525252
2017-02-17,partnership,0.12705650252525252
2017-02-17,accessible,0.12705650252525252
2017-02-17,aims,0.12705650252525252
2017-02-17,clear,0.12705650252525252
2017-02-17,voatz,0.12705650252525252
2017-02-17,market,0.12705650252525252
2017-02-17,election,0.12705650252525252
2017-02-17,blockchain,0.12705650252525252
2017-02-17,secure,0.12705650252525252
2017-02-17,innovation,0.12705650252525252
2017-02-17,ballot,0.12705650252525252
2017-02-17,voting,0.12705650252525252
2017-02-16,survey,0.19506666666666667
2017-02-16,stated,0.19506666666666667
2017-02-16,members,0.19506666666666667
2017-02-16,barrier,0.19506666666666667
2017-02-16,mainstream,0.19506666666666667
2017-02-16,research,0.19506666666666667
2017-02-16,technology,0.19506666666666667
2017-02-16,posttrade,0.19506666666666667
2017-02-16,believed,0.19506666666666667
2017-02-16,blockchain,0.19506666666666667
2017-02-16,group,0.19506666666666667
2017-02-16,transparency,0.19506666666666667
2017-02-16,argues,0.19506666666666667
2017-02-16,ripples,0.181024531024531
2017-02-16,visibility,0.181024531024531
2017-02-16,crossborder,0.181024531024531
2017-02-16,process,0.181024531024531
2017-02-16,nbad,0.181024531024531
2017-02-16,introduce,0.181024531024531
2017-02-16,bank,0.181024531024531
2017-02-16,technology,0.181024531024531
2017-02-16,abu,0.181024531024531
2017-02-16,blockchain,0.181024531024531
2017-02-16,transaction,0.181024531024531
2017-02-16,dhabi,0.181024531024531
2017-02-16,real,0.181024531024531
2017-02-16,payments,0.181024531024531
2017-02-16,customers,0.181024531024531
2017-02-16,participants,0.13852813852813853
2017-02-16,b9lab,0.13852813852813853
2017-02-16,different,0.13852813852813853
2017-02-16,technical,0.13852813852813853
2017-02-16,successful,0.13852813852813853
2017-02-16,trends,0.13852813852813853
2017-02-16,blockchain,0.13852813852813853
2017-02-16,opportunity,0.13852813852813853
2017-02-16,course,0.13852813852813853
2017-02-16,ethereum,0.13852813852813853
2017-02-16,online,0.13852813852813853
2017-02-16,offering,0.13852813852813853
2017-02-16,protocols,0.13852813852813853
2017-02-16,ctos,0.13852813852813853
2017-02-16,accentures,0.08001767676767675
2017-02-16,financial,0.08001767676767675
2017-02-16,services,0.08001767676767675
2017-02-16,used,0.08001767676767675
2017-02-16,secures,0.08001767676767675
2017-02-16,thales,0.08001767676767675
2017-02-16,hsms,0.08001767676767675
2017-02-16,hardware,0.08001767676767675
2017-02-16,technology,0.08001767676767675
2017-02-16,security,0.08001767676767675
2017-02-16,blockchain,0.08001767676767675
2017-02-16,digital,0.08001767676767675
2017-02-16,healthcare,0.08001767676767675
2017-02-16,keys,0.08001767676767675
2017-02-16,solution,0.08001767676767675
2017-02-16,blockstack,0.10164884135472371
2017-02-16,martin,0.10164884135472371
2017-02-16,decentralised,0.10164884135472371
2017-02-16,system,0.10164884135472371
2017-02-16,health,0.10164884135472371
2017-02-16,ventures,0.10164884135472371
2017-02-16,hashed,0.10164884135472371
2017-02-16,blockchain,0.10164884135472371
2017-02-16,raised,0.10164884135472371
2017-02-16,raise,0.10164884135472371
2017-02-16,healthcare,0.10164884135472371
2017-02-16,combined,0.10164884135472371
2017-02-16,million,0.10164884135472371
2017-02-10,american,0.11869926948051948
2017-02-10,joins,0.11869926948051948
2017-02-10,global,0.11869926948051948
2017-02-10,member,0.11869926948051948
2017-02-10,vice,0.11869926948051948
2017-02-10,premier,0.11869926948051948
2017-02-10,technology,0.11869926948051948
2017-02-10,company,0.11869926948051948
2017-02-10,blockchain,0.11869926948051948
2017-02-10,digital,0.11869926948051948
2017-02-10,express,0.11869926948051948
2017-02-10,project,0.11869926948051948
2017-02-10,hyperledger,0.11869926948051948
2017-02-10,zurich,0.15346320346320347
2017-02-10,join,0.15346320346320347
2017-02-10,sector,0.15346320346320347
2017-02-10,insurance,0.15346320346320347
2017-02-10,consortium,0.15346320346320347
2017-02-10,technology,0.15346320346320347
2017-02-10,blockchain,0.15346320346320347
2017-02-10,generali,0.15346320346320347
2017-02-10,spadoni,0.15346320346320347
2017-02-10,group,0.15346320346320347
2017-02-10,industry,0.15346320346320347
2017-02-10,initiative,0.15346320346320347
2017-02-10,hannover,0.15346320346320347
2017-02-10,b3i,0.15346320346320347
2017-02-10,scor,0.15346320346320347
2017-02-10,survey,0.19368686868686869
2017-02-10,ibm,0.19368686868686869
2017-02-10,keen,0.19368686868686869
2017-02-10,world,0.19368686868686869
2017-02-10,tech,0.19368686868686869
2017-02-10,finds,0.19368686868686869
2017-02-10,governments,0.19368686868686869
2017-02-10,management,0.19368686868686869
2017-02-10,data,0.19368686868686869
2017-02-10,blockchain,0.19368686868686869
2017-02-10,digital,0.19368686868686869
2017-02-10,implementing,0.19368686868686869
2017-02-10,study,0.19368686868686869
2017-02-10,invest,0.19368686868686869
2017-02-10,asset,0.19368686868686869
2017-02-10,identity,0.19368686868686869
2017-01-31,chai,0.19886904761904764
2017-01-31,way,0.19886904761904764
2017-01-31,introduces,0.19886904761904764
2017-01-31,vault,0.19886904761904764
2017-01-31,bottles,0.19886904761904764
2017-01-31,wine,0.19886904761904764
2017-01-31,blockchain,0.19886904761904764
2017-01-31,tracking,0.19886904761904764
2017-01-31,provenance,0.19886904761904764
2017-01-31,transparency,0.19886904761904764
2017-01-31,fine,0.19886904761904764
2017-01-31,everledger,0.19886904761904764
2017-01-31,finance,0.06707070707070707
2017-01-31,aim,0.06707070707070707
2017-01-31,group,0.06707070707070707
2017-01-31,financial,0.06707070707070707
2017-01-31,ibm,0.06707070707070707
2017-01-31,discounting,0.06707070707070707
2017-01-31,chain,0.06707070707070707
2017-01-31,process,0.06707070707070707
2017-01-31,mahindra,0.06707070707070707
2017-01-31,blockchain,0.06707070707070707
2017-01-31,reinvent,0.06707070707070707
2017-01-31,transparency,0.06707070707070707
2017-01-31,transactions,0.06707070707070707
2017-01-31,supply,0.06707070707070707
2017-01-31,solution,0.06707070707070707
2017-01-31,improve,0.22936507936507936
2017-01-31,food,0.22936507936507936
2017-01-31,using,0.22936507936507936
2017-01-31,safety,0.22936507936507936
2017-01-31,according,0.22936507936507936
2017-01-31,looking,0.22936507936507936
2017-01-31,comprehensive,0.22936507936507936
2017-01-31,blockchain,0.22936507936507936
2017-01-31,walmart,0.22936507936507936
2017-01-31,efficient,0.22936507936507936
2017-01-31,report,0.22936507936507936
2017-01-31,tests,0.22936507936507936
2017-01-31,telcos,0.05156153370439085
2017-01-31,distributed,0.05156153370439085
2017-01-31,ripe,0.05156153370439085
2017-01-31,industry,0.05156153370439085
2017-01-31,requires,0.05156153370439085
2017-01-31,data,0.05156153370439085
2017-01-31,blockchain,0.05156153370439085
2017-01-31,telecoms,0.05156153370439085
2017-01-31,innovation,0.05156153370439085
2017-01-31,applications,0.05156153370439085
2017-01-31,bubley,0.05156153370439085
2017-01-31,processes,0.05156153370439085
2017-01-31,identity,0.05156153370439085
2017-01-31,proof,0.12673992673992676
2017-01-31,concept,0.12673992673992676
2017-01-31,trust,0.12673992673992676
2017-01-31,availability,0.12673992673992676
2017-01-31,technology,0.12673992673992676
2017-01-31,announces,0.12673992673992676
2017-01-31,data,0.12673992673992676
2017-01-31,blockchain,0.12673992673992676
2017-01-31,smith,0.12673992673992676
2017-01-31,gospel,0.12673992673992676
2017-01-31,digital,0.12673992673992676
2017-01-31,provenance,0.12673992673992676
2017-01-31,enterprise,0.12673992673992676
2017-01-31,fabric,0.12673992673992676
2017-01-31,participants,0.08419913419913422
2017-01-31,securities,0.08419913419913422
2017-01-31,potential,0.08419913419913422
2017-01-31,finra,0.08419913419913422
2017-01-31,disrupt,0.08419913419913422
2017-01-31,asks,0.08419913419913422
2017-01-31,regulatory,0.08419913419913422
2017-01-31,market,0.08419913419913422
2017-01-31,technology,0.08419913419913422
2017-01-31,blockchain,0.08419913419913422
2017-01-31,report,0.08419913419913422
2017-01-31,syndicated,0.08419913419913422
2017-01-31,comments,0.08419913419913422
2017-01-31,transparency,0.08419913419913422
2017-01-31,dlt,0.08419913419913422
2017-01-31,argues,0.08419913419913422
2017-01-31,industry,0.08419913419913422
2017-01-31,erp,0.285719696969697
2017-01-31,integration,0.285719696969697
2017-01-31,integrator,0.285719696969697
2017-01-31,develops,0.285719696969697
2017-01-31,sapdl,0.285719696969697
2017-01-31,agnostic,0.285719696969697
2017-01-31,user,0.285719696969697
2017-01-31,sap,0.285719696969697
2017-01-31,finlync,0.285719696969697
2017-01-31,technology,0.285719696969697
2017-01-31,company,0.285719696969697
2017-01-31,blockchain,0.285719696969697
2017-01-31,worlds,0.285719696969697
2017-01-31,systems,0.285719696969697
2017-01-31,secure,0.285719696969697
2017-01-31,way,0.11684089269316543
2017-01-31,development,0.11684089269316543
2017-01-31,cases,0.11684089269316543
2017-01-31,public,0.11684089269316543
2017-01-31,technology,0.11684089269316543
2017-01-31,blockchain,0.11684089269316543
2017-01-31,private,0.11684089269316543
2017-01-31,going,0.11684089269316543
2017-01-31,report,0.11684089269316543
2017-01-31,bitcoin,0.11684089269316543
2017-01-31,assessing,0.11684089269316543
2017-01-31,groopman,0.11684089269316543
2017-01-31,enterprise,0.11684089269316543
